"","block_num","id","race","sex","age","juv_fel_count","juv_misd_count","priors_count","charge_id","charge_degree","compas_decile_score","two_year_recid","c_charge_desc","mturk_charge_name"
"1",1,8307,2,1,53,0,0,5,413,1,6,0,"Unlicensed Telemarketing","Unlicensed Telemarketing"
"2",1,10406,2,0,43,0,0,2,306,1,7,0,"Possession of Cocaine","Possession of Cocaine"
"3",1,8267,2,0,46,0,0,3,371,1,3,1,"Stalking (Aggravated)","Stalking"
"4",1,5593,1,0,37,0,0,4,21,0,4,1,"Aggravated Battery / Pregnant","Assault"
"5",1,61,2,1,51,0,0,7,306,1,2,0,"Possession of Cocaine","Possession of Cocaine"
"6",1,5438,2,0,20,0,0,1,186,1,10,1,"Grand Theft (Motor Vehicle)","Grand Theft"
"7",1,5557,2,0,51,0,0,0,423,0,4,1,"Viol Injunct Domestic Violence","Domestic Violence"
"8",1,9924,1,0,29,0,0,0,15,1,3,1,"Aggravated Assault W/Dead Weap","Assault with a Deadly Weapon"
"9",1,4767,1,0,39,0,0,3,306,1,2,0,"Possession of Cocaine","Possession of Cocaine"
"10",1,1733,1,1,52,0,0,6,381,0,7,0,"Theft/To Deprive","Theft"
"11",1,4766,1,0,26,0,0,2,190,1,9,1,"Grand Theft in the 3rd Degree","Grand Theft"
"12",1,5647,2,1,42,0,0,0,133,0,1,1,"DUI Level 0.15 Or Minor In Veh","Driving Under the Influence"
"13",1,8827,3,0,26,0,0,5,129,1,3,0,"Driving While License Revoked","Driving with a Revoked License"
"14",1,2719,2,0,23,0,0,1,167,1,4,1,"Felony Batt(Great Bodily Harm)","Battery"
"15",1,1443,2,0,45,0,0,0,318,1,5,1,"Possession of Morphine","Possession of Morphine"
"16",1,7652,2,0,25,0,0,8,172,1,8,1,"Felony Driving While Lic Suspd","Driving with a Suspended License"
"17",1,3732,2,0,26,0,0,1,93,0,1,0,"Criminal Mischief Damage <$200","Criminal Damage of less than $1000"
"18",1,1024,2,0,27,0,0,0,306,0,2,0,"Possession of Cocaine","Possession of Cocaine"
"19",1,10307,2,0,31,2,0,6,169,1,6,0,"Felony Battery (Dom Strang)","Battery"
"20",1,8613,1,0,33,0,0,2,133,0,2,0,"DUI Level 0.15 Or Minor In Veh","Driving Under the Influence"
"21",1,6064,1,1,31,0,0,0,45,0,2,0,"Battery","Battery"
"22",1,10452,2,1,44,0,0,0,379,1,1,0,"Tampering With Physical Evidence","Tampering With Physical Evidence"
"23",1,8141,1,0,21,0,0,0,400,1,4,0,"Trespassing/Construction Site","Trespassing"
"24",1,3398,2,0,21,1,2,3,92,1,10,1,"Criminal Mischief","Criminal Damage of less than $1000"
"25",1,8104,2,1,42,0,0,16,336,1,6,0,"Resist Officer w/Violence","Resisting an Officer with Violence"
"26",1,9644,2,0,22,0,0,0,283,0,6,0,"Possess Cannabis/20 Grams Or Less","Possession of Cannabis/Marijuana"
"27",1,3635,2,1,24,0,0,2,89,1,4,0,"Crim Use of Personal ID Info","Forgery"
"28",1,1642,1,0,29,0,0,1,45,0,6,0,"Battery","Battery"
"29",1,9295,3,0,30,0,0,2,313,1,2,0,"Possession of Hydromorphone","Possession of a Controlled Substance"
"30",1,4105,1,0,33,0,0,7,229,1,9,1,"Neglect Child / No Bodily Harm","Child Neglect"
"31",1,8517,2,0,23,0,0,0,45,0,3,1,"Battery","Battery"
"32",1,4841,1,0,55,0,0,0,45,0,1,0,"Battery","Battery"
"33",1,10011,2,0,45,0,0,4,127,0,3,1,"Driving License Suspended","Driving with a Suspended License"
"34",1,1441,2,0,30,0,0,1,45,0,5,1,"Battery","Battery"
"35",1,2182,2,1,26,0,0,1,190,1,6,1,"Grand Theft in the 3rd Degree","Grand Theft"
"36",1,9435,1,0,24,0,0,3,306,1,5,0,"Possession of Cocaine","Possession of Cocaine"
"37",1,1741,2,0,24,0,0,5,418,1,6,1,"Uttering a Forged Instrument","Forgery"
"38",1,7324,1,0,30,0,0,0,169,1,1,0,"Felony Battery (Dom Strang)","Battery"
"39",1,2910,1,0,42,0,0,0,128,0,4,0,"Driving Under The Influence","Driving Under the Influence"
"40",1,3957,3,0,24,0,0,1,84,0,2,0,"Contribute Delinquency Of A Minor","Contributing to the Delinquency Of A Minor"
"41",1,1022,2,1,31,0,0,0,45,0,1,0,"Battery","Battery"
"42",1,921,2,0,30,0,0,1,283,0,7,0,"Possess Cannabis/20 Grams Or Less","Possession of Cannabis/Marijuana"
"43",1,3115,2,1,40,0,0,7,326,0,4,0,"Prostitution/Lewd Act Assignation","Prostitution"
"44",1,7678,2,0,28,0,2,7,306,1,7,1,"Possession of Cocaine","Possession of Cocaine"
"45",1,855,2,0,38,0,0,0,60,1,1,0,"Burglary Dwelling Assault/Batt","Burglary"
"46",1,2393,2,0,22,0,0,0,65,1,3,0,"Burglary Unoccupied Dwelling","Burglary"
"47",1,9501,3,0,45,0,0,0,45,0,1,0,"Battery","Battery"
"48",1,7412,1,0,28,0,0,0,169,1,2,1,"Felony Battery (Dom Strang)","Battery"
"49",1,10044,1,0,34,0,0,0,374,0,2,1,"Susp Drivers Lic 1st Offense","Driving with a Suspended License"
"50",1,8938,2,1,48,0,0,0,45,0,5,0,"Battery","Battery"
"51",2,3248,1,0,70,0,0,11,306,1,1,1,"Possession of Cocaine","Possession of Cocaine"
"52",2,4943,2,0,46,1,0,9,190,1,9,1,"Grand Theft in the 3rd Degree","Grand Theft"
"53",2,3854,2,0,22,0,0,1,190,1,3,1,"Grand Theft in the 3rd Degree","Grand Theft"
"54",2,1103,2,0,22,0,0,0,246,1,8,0,"Pos Cannabis W/Intent Sel/Del","Possession of Cannabis/Marijuana"
"55",2,4977,1,0,39,6,1,17,306,1,7,1,"Possession of Cocaine","Possession of Cocaine"
"56",2,5765,2,0,51,1,0,19,175,1,9,0,"Felony Petit Theft","Theft"
"57",2,2002,1,0,49,0,0,12,283,0,5,0,"Possess Cannabis/20 Grams Or Less","Possession of Cannabis/Marijuana"
"58",2,4860,2,1,24,0,0,0,45,0,2,0,"Battery","Battery"
"59",2,1941,2,0,28,0,0,0,134,0,1,0,"DUI Property Damage/Injury","Driving Under the Influence"
"60",2,913,2,0,31,0,0,3,425,0,8,1,"Viol Pretrial Release Dom Viol","Domestic Violence"
"61",2,3010,1,0,58,0,0,0,132,0,1,0,"DUI Blood Alcohol Above 0.20","Driving Under the Influence"
"62",2,7897,1,1,24,0,0,0,45,0,5,1,"Battery","Battery"
"63",2,7920,2,0,22,0,0,0,289,1,4,0,"Possess w/I/Utter Forged Bills","Forgery"
"64",2,375,1,0,30,0,0,4,159,1,2,0,"False Imprisonment","False Imprisonment"
"65",2,4991,2,0,58,0,0,10,306,1,3,1,"Possession of Cocaine","Possession of Cocaine"
"66",2,4546,2,0,32,0,0,0,306,1,1,1,"Possession of Cocaine","Possession of Cocaine"
"67",2,8046,2,0,27,0,0,13,246,1,10,1,"Pos Cannabis W/Intent Sel/Del","Possession of Cannabis/Marijuana"
"68",2,1066,1,0,40,0,0,1,222,1,2,0,"Manufacture Cannabis","Manufacturing Cannabis/Marijuana"
"69",2,5049,1,1,26,0,0,0,128,0,2,0,"Driving Under The Influence","Driving Under the Influence"
"70",2,10502,1,0,31,0,0,0,169,1,1,0,"Felony Battery (Dom Strang)","Battery"
"71",2,4640,2,0,25,0,1,10,112,1,10,1,"Deliver Cocaine","Dealing Cocaine"
"72",2,4098,2,0,26,0,0,4,344,1,4,1,"Robbery Sudd Snatch No Weapon","Robbery"
"73",2,7834,2,0,33,0,0,1,169,1,2,0,"Felony Battery (Dom Strang)","Battery"
"74",2,794,2,0,29,0,0,5,253,1,5,1,"Poss Contr Subst W/o Prescript","Possession of a Controlled Substance"
"75",2,408,1,1,22,0,0,1,246,1,3,0,"Pos Cannabis W/Intent Sel/Del","Possession of Cannabis/Marijuana"
"76",2,3647,2,0,20,0,0,0,190,1,3,0,"Grand Theft in the 3rd Degree","Grand Theft"
"77",2,5500,1,0,72,0,0,7,344,1,4,0,"Robbery Sudd Snatch No Weapon","Robbery"
"78",2,2034,1,0,37,0,0,2,209,1,2,0,"Leaving the Scene of Accident","Fleeing the Scene of an Accident"
"79",2,726,1,0,34,0,0,4,303,1,6,1,"Possession of Cannabis","Possession of Cannabis/Marijuana"
"80",2,9634,3,0,24,0,0,2,212,1,3,0,"Lewd/Lasc Battery Pers 12+/<16","Child Molestation"
"81",2,6189,1,1,46,0,0,1,167,1,2,0,"Felony Batt(Great Bodily Harm)","Battery"
"82",2,4629,1,0,55,0,0,0,45,0,1,1,"Battery","Battery"
"83",2,9407,2,0,40,0,0,20,129,1,7,0,"Driving While License Revoked","Driving with a Revoked License"
"84",2,6240,2,0,50,0,0,0,306,1,1,0,"Possession of Cocaine","Possession of Cocaine"
"85",2,2525,1,0,28,0,0,0,86,1,2,0,"Counterfeit Lic Plates/Sticker","Forgery"
"86",2,8162,4,0,48,0,0,0,15,1,2,0,"Aggravated Assault W/Dead Weap","Assault with a Deadly Weapon"
"87",2,1195,2,1,37,0,0,3,336,1,7,0,"Resist Officer w/Violence","Resisting an Officer with Violence"
"88",2,2703,2,0,51,0,0,3,172,1,7,0,"Felony Driving While Lic Suspd","Driving with a Suspended License"
"89",2,6207,2,0,38,0,0,0,145,0,8,1,"Extradition/Defendants","Extradition of Defendants"
"90",2,10423,1,0,28,0,0,2,377,1,2,1,"Tamper With Witness/Victim/CI","Tampering with a Witness"
"91",2,282,1,0,45,0,0,8,423,0,4,1,"Viol Injunct Domestic Violence","Domestic Violence"
"92",2,7032,1,1,58,0,0,1,134,0,2,0,"DUI Property Damage/Injury","Driving Under the Influence"
"93",2,838,2,0,44,0,0,1,333,0,3,0,"Reckless Driving","Reckless Driving"
"94",2,10220,2,0,24,0,0,1,246,1,3,0,"Pos Cannabis W/Intent Sel/Del","Possession of Cannabis/Marijuana"
"95",2,1490,2,0,30,0,0,4,45,0,4,1,"Battery","Battery"
"96",2,6884,1,0,29,0,0,0,18,1,8,0,"Aggravated Battery","Battery"
"97",2,10748,1,0,44,0,0,1,45,0,1,0,"Battery","Battery"
"98",2,1361,2,0,27,0,0,5,142,0,3,1,"Expired DL More Than 6 Months","Driving with an Expired License"
"99",2,4161,2,0,54,0,0,0,45,0,1,1,"Battery","Battery"
"100",2,5270,2,0,31,0,0,0,45,0,4,0,"Battery","Battery"
"101",3,7416,3,0,26,0,0,2,45,0,1,0,"Battery","Battery"
"102",3,8099,1,0,28,0,0,0,45,0,1,0,"Battery","Battery"
"103",3,2685,2,1,21,0,0,0,190,1,5,0,"Grand Theft in the 3rd Degree","Grand Theft"
"104",3,2624,2,0,51,0,0,0,306,1,2,1,"Possession of Cocaine","Possession of Cocaine"
"105",3,3768,2,1,36,0,0,1,45,0,1,0,"Battery","Battery"
"106",3,10448,2,0,48,0,0,11,337,0,4,1,"Resist/Obstruct W/O Violence","Resisting an Officer"
"107",3,5614,2,0,33,0,0,2,10,1,8,1,"Aggrav Battery w/Deadly Weapon","Battery with a Deadly Weapon"
"108",3,2338,3,0,59,0,0,0,133,0,1,0,"DUI Level 0.15 Or Minor In Veh","Driving Under the Influence"
"109",3,4029,3,0,28,0,0,0,45,0,2,1,"Battery","Battery"
"110",3,4082,1,0,24,0,0,0,375,1,5,1,"Tamper With Victim","Tampering with a Witness"
"111",3,4426,1,1,43,0,0,0,186,0,2,0,"Grand Theft (Motor Vehicle)","Grand Theft"
"112",3,7079,1,0,25,0,0,3,280,1,7,0,"Poss3,4 Methylenedioxymethcath","Possession of Ecstasy"
"113",3,7840,1,0,22,0,0,1,190,1,2,0,"Grand Theft in the 3rd Degree","Grand Theft"
"114",3,9889,2,0,35,0,0,9,303,1,6,0,"Possession of Cannabis","Possession of Cannabis/Marijuana"
"115",3,7315,2,0,24,0,0,2,45,0,5,1,"Battery","Battery"
"116",3,2691,2,0,54,0,0,0,368,0,1,0,"Soliciting For Prostitution","Soliciting For Prostitution"
"117",3,7010,2,0,54,0,0,4,306,1,3,1,"Possession of Cocaine","Possession of Cocaine"
"118",3,7170,1,0,22,0,0,0,306,1,5,0,"Possession of Cocaine","Possession of Cocaine"
"119",3,6314,1,0,20,0,0,0,187,1,6,1,"Grand Theft Dwell Property","Grand Theft"
"120",3,999,1,0,38,0,0,1,90,1,1,1,"Crimin Mischief Damage $1000+","Criminal Damage of more than $1000"
"121",3,4620,1,0,41,0,0,0,306,1,2,0,"Possession of Cocaine","Possession of Cocaine"
"122",3,8909,1,0,46,0,0,0,127,0,1,0,"Driving License Suspended","Driving with a Suspended License"
"123",3,5607,1,0,38,0,0,2,311,1,3,0,"Possession Of Heroin","Possession of Heroin"
"124",3,4126,2,0,30,0,0,0,319,1,2,1,"Possession of Oxycodone","Possession of Oxycodone"
"125",3,6683,2,1,24,0,0,3,244,0,6,1,"PL/Unlaw Use Credit Card","Fraud"
"126",3,10390,1,0,29,0,0,3,306,1,4,1,"Possession of Cocaine","Possession of Cocaine"
"127",3,10762,3,1,26,0,0,1,130,0,4,0,"DUI - Enhanced","Driving Under the Influence"
"128",3,4703,3,0,25,0,0,0,246,1,2,1,"Pos Cannabis W/Intent Sel/Del","Possession of Cannabis/Marijuana"
"129",3,9428,1,0,52,0,0,7,45,0,2,0,"Battery","Battery"
"130",3,5917,2,0,32,0,0,1,132,0,4,1,"DUI Blood Alcohol Above 0.20","Driving Under the Influence"
"131",3,5213,3,0,33,0,0,3,127,0,2,0,"Driving License Suspended","Driving with a Suspended License"
"132",3,505,2,0,29,0,0,0,15,1,1,0,"Aggravated Assault W/Dead Weap","Assault with a Deadly Weapon"
"133",3,1833,4,0,24,0,0,0,404,1,3,0,"Unauth Poss ID Card or DL","Fraud"
"134",3,5352,2,0,24,0,0,0,128,0,2,1,"Driving Under The Influence","Driving Under the Influence"
"135",3,7224,2,0,24,0,0,1,169,1,3,1,"Felony Battery (Dom Strang)","Battery"
"136",3,10783,1,0,66,0,0,0,45,0,1,0,"Battery","Battery"
"137",3,5217,2,0,37,0,0,0,169,1,1,1,"Felony Battery (Dom Strang)","Battery"
"138",3,4461,1,0,64,0,0,8,129,1,1,0,"Driving While License Revoked","Driving with a Revoked License"
"139",3,3510,1,0,36,1,0,10,45,0,9,1,"Battery","Battery"
"140",3,9844,1,0,51,0,0,2,190,1,1,1,"Grand Theft in the 3rd Degree","Grand Theft"
"141",3,526,1,1,21,0,0,0,306,1,6,0,"Possession of Cocaine","Possession of Cocaine"
"142",3,10824,2,1,23,0,0,1,58,1,4,1,"Burglary Conveyance Unoccup","Burglary"
"143",3,9690,2,1,26,0,0,0,144,0,2,0,"Exposes Culpable Negligence","Child Abuse"
"144",3,10919,2,0,35,0,0,12,45,0,6,1,"Battery","Battery"
"145",3,2572,2,1,28,0,0,2,297,1,5,1,"Possession Of Alprazolam","Possession of a Controlled Substance"
"146",3,8528,2,0,32,0,0,1,159,1,2,0,"False Imprisonment","False Imprisonment"
"147",3,1159,2,1,53,0,0,0,172,1,1,0,"Felony Driving While Lic Suspd","Driving with a Suspended License"
"148",3,3234,1,0,39,0,0,8,15,1,1,0,"Aggravated Assault W/Dead Weap","Assault with a Deadly Weapon"
"149",3,1286,1,0,24,0,2,3,129,1,4,1,"Driving While License Revoked","Driving with a Revoked License"
"150",3,7219,2,0,32,0,0,3,186,1,4,0,"Grand Theft (Motor Vehicle)","Grand Theft"
"151",4,2773,2,1,49,0,0,14,45,0,7,1,"Battery","Battery"
"152",4,4558,1,0,33,0,0,0,336,1,1,0,"Resist Officer w/Violence","Resisting an Officer with Violence"
"153",4,9352,1,0,20,0,4,4,186,1,10,0,"Grand Theft (Motor Vehicle)","Grand Theft"
"154",4,8924,2,0,27,0,0,1,21,1,4,1,"Aggravated Battery / Pregnant","Assault"
"155",4,853,2,0,50,0,0,3,45,0,3,0,"Battery","Battery"
"156",4,1385,2,0,28,0,0,4,45,0,2,1,"Battery","Battery"
"157",4,5489,2,0,24,0,0,7,21,1,8,1,"Aggravated Battery / Pregnant","Assault"
"158",4,5449,1,0,32,0,0,1,64,1,3,0,"Burglary Structure Unoccup","Burglary"
"159",4,9919,2,0,32,0,0,0,303,0,4,0,"Possession of Cannabis","Possession of Cannabis/Marijuana"
"160",4,1856,1,0,21,0,0,1,49,1,4,0,"Battery on Law Enforc Officer","Battery"
"161",4,1162,2,0,26,0,0,5,186,1,7,1,"Grand Theft (Motor Vehicle)","Grand Theft"
"162",4,10958,1,1,49,0,0,2,186,1,6,0,"Grand Theft (Motor Vehicle)","Grand Theft"
"163",4,3794,2,0,46,0,0,0,246,1,7,1,"Pos Cannabis W/Intent Sel/Del","Possession of Cannabis/Marijuana"
"164",4,5127,1,1,25,0,0,0,128,0,4,0,"Driving Under The Influence","Driving Under the Influence"
"165",4,4193,3,0,44,0,0,0,45,0,1,0,"Battery","Battery"
"166",4,9933,2,0,27,2,0,14,159,1,10,1,"False Imprisonment","False Imprisonment"
"167",4,3738,1,0,28,0,0,14,246,1,9,0,"Pos Cannabis W/Intent Sel/Del","Possession of Cannabis/Marijuana"
"168",4,9231,1,0,35,0,0,3,306,1,4,0,"Possession of Cocaine","Possession of Cocaine"
"169",4,10709,1,0,74,0,0,0,219,0,1,0,"Lve/Scen/Acc/Veh/Prop/Damage","Fleeing the Scene of an Accident"
"170",4,3315,1,0,62,0,0,0,31,0,1,0,"Assault","Assault"
"171",4,6386,3,0,28,0,0,2,204,1,3,1,"Kidnapping / Domestic Violence","Kidnapping"
"172",4,6546,3,0,28,0,0,2,190,1,8,0,"Grand Theft in the 3rd Degree","Grand Theft"
"173",4,5830,1,0,25,0,0,2,55,1,4,0,"Burglary Conveyance Armed","Burglary"
"174",4,3848,2,0,26,0,0,5,11,1,8,1,"Aggrav Child Abuse-Agg Battery","Child Abuse"
"175",4,9242,1,0,38,0,0,0,297,1,1,0,"Possession Of Alprazolam","Possession of a Controlled Substance"
"176",4,4290,2,0,29,0,0,1,374,0,1,0,"Susp Drivers Lic 1st Offense","Driving with a Suspended License"
"177",4,685,2,1,46,0,0,2,190,1,10,1,"Grand Theft in the 3rd Degree","Grand Theft"
"178",4,7517,2,1,41,0,0,0,45,0,1,0,"Battery","Battery"
"179",4,7437,1,1,29,0,0,20,129,1,10,1,"Driving While License Revoked","Driving with a Revoked License"
"180",4,10137,2,0,32,0,0,0,21,1,7,0,"Aggravated Battery / Pregnant","Assault"
"181",4,9586,2,1,22,0,0,0,45,0,5,1,"Battery","Battery"
"182",4,9467,2,0,22,0,0,0,280,1,7,1,"Poss3,4 Methylenedioxymethcath","Possession of Ecstasy"
"183",4,9336,2,0,26,0,0,5,129,1,4,0,"Driving While License Revoked","Driving with a Revoked License"
"184",4,8532,2,0,30,0,0,1,15,1,2,0,"Aggravated Assault W/Dead Weap","Assault with a Deadly Weapon"
"185",4,2228,2,0,19,0,2,3,190,1,4,1,"Grand Theft in the 3rd Degree","Grand Theft"
"186",4,10591,1,0,40,0,0,4,190,1,5,1,"Grand Theft in the 3rd Degree","Grand Theft"
"187",4,5985,1,0,65,0,0,0,134,0,1,0,"DUI Property Damage/Injury","Driving Under the Influence"
"188",4,9328,3,1,41,0,0,0,190,1,1,0,"Grand Theft in the 3rd Degree","Grand Theft"
"189",4,1166,2,0,27,0,0,4,246,1,9,1,"Pos Cannabis W/Intent Sel/Del","Possession of Cannabis/Marijuana"
"190",4,7830,2,1,31,0,0,2,21,1,5,1,"Aggravated Battery / Pregnant","Assault"
"191",4,6171,2,1,45,0,0,1,129,1,1,0,"Driving While License Revoked","Driving with a Revoked License"
"192",4,10150,2,0,28,0,0,3,242,0,2,1,"Petit Theft","Theft"
"193",4,4117,1,1,48,0,0,1,133,0,1,0,"DUI Level 0.15 Or Minor In Veh","Driving Under the Influence"
"194",4,42,2,0,32,0,0,4,36,1,8,1,"Att Tamper w/Physical Evidence","Tampering with Physical Evidence"
"195",4,9686,2,0,24,0,0,0,280,1,4,0,"Poss3,4 Methylenedioxymethcath","Possession of Ecstasy"
"196",4,10700,2,0,36,1,2,14,306,1,10,1,"Possession of Cocaine","Possession of Cocaine"
"197",4,9399,3,0,43,0,0,3,45,0,3,1,"Battery","Battery"
"198",4,9820,2,0,29,0,0,2,242,0,4,0,"Petit Theft","Theft"
"199",4,9609,3,1,32,0,0,8,326,0,5,1,"Prostitution/Lewd Act Assignation","Prostitution"
"200",4,7199,2,0,28,0,0,1,186,1,6,0,"Grand Theft (Motor Vehicle)","Grand Theft"
"201",5,10319,2,0,43,0,0,3,172,1,1,1,"Felony Driving While Lic Suspd","Driving with a Suspended License"
"202",5,2901,2,0,26,0,0,6,303,1,9,1,"Possession of Cannabis","Possession of Cannabis/Marijuana"
"203",5,5307,2,0,36,0,0,4,306,1,4,0,"Possession of Cocaine","Possession of Cocaine"
"204",5,2006,2,0,22,0,0,0,252,1,8,1,"Poss Cocaine/Intent To Del/Sel","Possession of Cocaine"
"205",5,115,2,1,26,0,0,1,252,1,4,1,"Poss Cocaine/Intent To Del/Sel","Possession of Cocaine"
"206",5,1044,2,0,36,0,1,4,45,0,5,0,"Battery","Battery"
"207",5,7602,2,0,31,0,0,11,186,1,7,1,"Grand Theft (Motor Vehicle)","Grand Theft"
"208",5,2737,2,0,26,0,0,9,126,1,8,1,"Drivg While Lic Suspd/Revk/Can","Driving with a Suspended License"
"209",5,2020,3,0,28,0,0,11,45,0,7,0,"Battery","Battery"
"210",5,4996,1,0,27,0,0,1,100,1,1,0,"Dealing in Stolen Property","Dealing Controlled Substances"
"211",5,1130,1,0,30,0,0,22,306,1,5,1,"Possession of Cocaine","Possession of Cocaine"
"212",5,2195,2,0,25,0,0,8,190,1,6,1,"Grand Theft in the 3rd Degree","Grand Theft"
"213",5,3309,1,0,26,0,0,5,382,1,5,1,"Threat Public Servant","Threat Against Public Servant"
"214",5,4342,2,0,23,0,0,2,280,1,8,1,"Poss3,4 Methylenedioxymethcath","Possession of Ecstasy"
"215",5,7457,2,0,26,0,0,5,61,1,7,1,"Burglary Dwelling Occupied","Burglary"
"216",5,3863,1,0,26,0,0,0,93,0,2,0,"Criminal Mischief Damage <$200","Criminal Damage of less than $1000"
"217",5,5882,2,0,44,0,0,0,317,1,2,1,"Possession Of Methamphetamine","Possession of Meth"
"218",5,5543,1,0,45,0,0,3,45,0,3,1,"Battery","Battery"
"219",5,6129,2,0,28,0,0,1,56,1,1,0,"Burglary Conveyance Assault/Bat","Burglary"
"220",5,7636,2,1,38,0,0,0,151,0,2,0,"Fail To Obey Police Officer","Failure to Obey Police Officer"
"221",5,3145,2,0,30,0,1,7,285,1,5,1,"Possess Countrfeit Credit Card","Fraud"
"222",5,2156,1,0,45,0,0,1,342,1,5,1,"Robbery / No Weapon","Robbery"
"223",5,7258,2,0,26,0,0,8,85,1,7,1,"Corrupt Public Servant","Threatening a Public Servant"
"224",5,7003,2,0,61,0,0,20,374,0,2,1,"Susp Drivers Lic 1st Offense","Driving with a Suspended License"
"225",5,10327,1,0,23,0,0,0,45,0,5,0,"Battery","Battery"
"226",5,7958,1,0,58,0,0,5,283,0,2,0,"Possess Cannabis/20 Grams Or Less","Possession of Cannabis/Marijuana"
"227",5,6096,2,0,20,0,0,1,21,0,9,1,"Aggravated Battery / Pregnant","Assault"
"228",5,10401,1,1,47,0,0,0,45,0,1,0,"Battery","Battery"
"229",5,6586,1,1,53,0,0,6,306,1,5,1,"Possession of Cocaine","Possession of Cocaine"
"230",5,9357,2,0,36,0,0,6,45,0,4,0,"Battery","Battery"
"231",5,6170,2,0,29,0,1,8,45,0,9,1,"Battery","Battery"
"232",5,1160,2,1,23,0,0,0,10,1,7,0,"Aggrav Battery w/Deadly Weapon","Battery with a Deadly Weapon"
"233",5,6377,1,0,27,0,0,2,278,1,7,1,"Poss/Sell/Del/Man Amobarbital","Possession of a Controlled Substance"
"234",5,2533,1,0,19,0,0,0,45,0,6,1,"Battery","Battery"
"235",5,9617,2,0,27,0,0,4,268,1,4,1,"Poss Pyrrolidinovalerophenone","Possession of a Controlled Substance"
"236",5,5433,2,1,20,0,0,1,175,1,8,1,"Felony Petit Theft","Theft"
"237",5,9833,1,0,67,0,0,0,97,1,1,0,"Cruelty Toward Child","Child Abuse"
"238",5,4122,1,1,25,0,0,0,1,1,6,0,"Abuse Without Great Harm","Abuse"
"239",5,2586,1,0,40,0,0,1,42,1,1,0,"Attempted Robbery  No Weapon","Robbery"
"240",5,1870,2,0,20,0,0,0,71,1,3,0,"Carrying Concealed Firearm","Carrying a Concealed Weapon"
"241",5,2502,3,0,45,0,0,0,186,1,1,0,"Grand Theft (Motor Vehicle)","Grand Theft"
"242",5,4724,2,1,64,0,0,1,337,0,1,1,"Resist/Obstruct W/O Violence","Resisting an Officer"
"243",5,2790,1,0,43,0,0,0,134,0,4,0,"DUI Property Damage/Injury","Driving Under the Influence"
"244",5,3602,2,0,35,0,0,10,426,0,8,1,"Viol Prot Injunc Repeat Viol","Restraining Order Violation"
"245",5,10706,2,0,42,0,0,0,283,0,7,0,"Possess Cannabis/20 Grams Or Less","Possession of Cannabis/Marijuana"
"246",5,6251,2,0,33,0,0,5,172,1,4,0,"Felony Driving While Lic Suspd","Driving with a Suspended License"
"247",5,1059,2,0,24,0,0,1,45,0,6,0,"Battery","Battery"
"248",5,3322,2,0,22,0,0,0,190,1,4,1,"Grand Theft in the 3rd Degree","Grand Theft"
"249",5,4444,1,1,25,0,0,2,140,1,10,0,"Escape","Escape"
"250",5,10076,2,0,21,0,0,2,190,1,4,0,"Grand Theft in the 3rd Degree","Grand Theft"
"251",6,9045,1,0,46,0,0,0,190,1,5,0,"Grand Theft in the 3rd Degree","Grand Theft"
"252",6,4258,1,0,25,0,0,0,134,0,2,0,"DUI Property Damage/Injury","Driving Under the Influence"
"253",6,4101,2,0,31,0,2,8,45,0,10,1,"Battery","Battery"
"254",6,800,2,0,55,0,0,0,45,0,8,1,"Battery","Battery"
"255",6,893,3,0,31,0,0,0,134,0,1,0,"DUI Property Damage/Injury","Driving Under the Influence"
"256",6,6908,2,0,30,0,0,21,129,1,7,1,"Driving While License Revoked","Driving with a Revoked License"
"257",6,8054,2,0,53,0,0,5,49,1,4,0,"Battery on Law Enforc Officer","Battery"
"258",6,9150,1,0,21,0,2,2,315,1,9,1,"Possession of LSD","Possession of LSD"
"259",6,4226,1,0,31,0,0,3,313,1,4,1,"Possession of Hydromorphone","Possession of a Controlled Substance"
"260",6,6424,3,0,45,0,0,1,283,0,1,0,"Possess Cannabis/20 Grams Or Less","Possession of Cannabis/Marijuana"
"261",6,4686,2,1,50,0,0,0,45,0,1,0,"Battery","Battery"
"262",6,7578,2,1,43,0,0,2,426,0,2,0,"Viol Prot Injunc Repeat Viol","Restraining Order Violation"
"263",6,4404,2,1,28,0,0,0,171,1,10,1,"Felony Committing Prostitution","Prostitution"
"264",6,8188,1,0,26,0,0,3,45,0,10,0,"Battery","Battery"
"265",6,7985,2,0,35,0,0,0,319,1,4,0,"Possession of Oxycodone","Possession of Oxycodone"
"266",6,1865,1,0,36,0,0,0,159,1,1,0,"False Imprisonment","False Imprisonment"
"267",6,8905,1,0,52,0,0,0,45,0,1,0,"Battery","Battery"
"268",6,206,1,1,29,0,1,10,190,1,4,1,"Grand Theft in the 3rd Degree","Grand Theft"
"269",6,7472,1,0,80,0,0,0,45,0,1,0,"Battery","Battery"
"270",6,7555,1,1,64,0,0,0,45,0,1,0,"Battery","Battery"
"271",6,2955,2,0,30,0,0,1,45,0,2,0,"Battery","Battery"
"272",6,7348,2,0,38,0,0,0,45,0,2,0,"Battery","Battery"
"273",6,4967,2,0,32,0,3,10,358,1,6,1,"Sexual Battery / Vict 12 Yrs +","Sexual Assault"
"274",6,8248,1,0,28,0,0,5,45,0,7,1,"Battery","Battery"
"275",6,5575,2,1,29,0,0,9,250,1,7,1,"Poss Anti-Shoplifting Device","Theft"
"276",6,6379,1,0,22,0,0,1,253,1,6,0,"Poss Contr Subst W/o Prescript","Possession of a Controlled Substance"
"277",6,5134,1,0,27,0,0,18,175,1,9,1,"Felony Petit Theft","Theft"
"278",6,227,2,1,31,0,0,0,319,1,3,1,"Possession of Oxycodone","Possession of Oxycodone"
"279",6,6229,1,0,38,0,0,5,176,0,5,1,"Felony/Driving Under Influence","Driving Under the Influence"
"280",6,5923,1,0,29,0,0,2,169,1,2,0,"Felony Battery (Dom Strang)","Battery"
"281",6,7259,1,0,26,0,0,5,31,0,5,0,"Assault","Assault"
"282",6,10008,1,0,28,0,0,1,268,1,4,1,"Poss Pyrrolidinovalerophenone","Possession of a Controlled Substance"
"283",6,9830,1,0,48,0,0,0,306,1,2,0,"Possession of Cocaine","Possession of Cocaine"
"284",6,4637,2,0,36,0,0,2,129,1,1,1,"Driving While License Revoked","Driving with a Revoked License"
"285",6,8882,2,0,22,0,0,2,423,0,9,1,"Viol Injunct Domestic Violence","Domestic Violence"
"286",6,3289,2,0,38,0,0,15,16,1,6,0,"Aggravated Assault w/Firearm","Assault with a Deadly Weapon"
"287",6,3790,1,0,29,0,0,1,306,1,3,0,"Possession of Cocaine","Possession of Cocaine"
"288",6,9437,3,0,23,0,1,2,190,1,9,0,"Grand Theft in the 3rd Degree","Grand Theft"
"289",6,9405,2,1,38,0,0,7,190,1,10,1,"Grand Theft in the 3rd Degree","Grand Theft"
"290",6,552,1,0,22,0,0,2,283,0,6,1,"Possess Cannabis/20 Grams Or Less","Possession of Cannabis/Marijuana"
"291",6,5852,2,1,55,0,0,1,246,1,1,0,"Pos Cannabis W/Intent Sel/Del","Possession of Cannabis/Marijuana"
"292",6,2758,2,0,25,0,0,0,271,1,2,0,"Poss Tetrahydrocannabinols","Possession of a Controlled Substance"
"293",6,10878,3,0,47,0,0,3,127,0,6,1,"Driving License Suspended","Driving with a Suspended License"
"294",6,8881,2,0,40,0,0,0,306,1,10,1,"Possession of Cocaine","Possession of Cocaine"
"295",6,5330,2,0,29,0,0,0,134,0,1,1,"DUI Property Damage/Injury","Driving Under the Influence"
"296",6,4907,2,0,31,2,1,16,190,1,9,1,"Grand Theft in the 3rd Degree","Grand Theft"
"297",6,2605,3,0,45,0,0,1,426,0,8,0,"Viol Prot Injunc Repeat Viol","Restraining Order Violation"
"298",6,10491,1,0,29,0,0,1,45,0,3,0,"Battery","Battery"
"299",6,3215,1,0,52,0,0,0,128,0,1,0,"Driving Under The Influence","Driving Under the Influence"
"300",6,2476,2,0,26,0,1,13,129,1,8,1,"Driving While License Revoked","Driving with a Revoked License"
"301",7,3246,1,0,30,0,0,0,134,0,3,0,"DUI Property Damage/Injury","Driving Under the Influence"
"302",7,3408,1,1,19,0,0,0,170,1,3,1,"Felony Battery w/Prior Convict","Battery"
"303",7,10721,1,0,50,0,0,4,123,0,2,0,"Disorderly Intoxication","Disorderly Intoxication"
"304",7,6319,2,0,23,0,0,2,423,0,9,1,"Viol Injunct Domestic Violence","Domestic Violence"
"305",7,4028,2,1,35,0,0,0,45,0,4,0,"Battery","Battery"
"306",7,1871,2,1,25,0,0,2,49,1,8,1,"Battery on Law Enforc Officer","Battery"
"307",7,5993,1,0,51,0,0,1,45,0,2,0,"Battery","Battery"
"308",7,5223,2,1,23,0,0,1,268,1,5,1,"Poss Pyrrolidinovalerophenone","Possession of a Controlled Substance"
"309",7,2718,2,1,35,0,0,0,306,1,3,1,"Possession of Cocaine","Possession of Cocaine"
"310",7,9524,1,0,29,0,0,1,206,0,10,0,"Leave Acc/Attend Veh/More $50","Fleeing the Scene of an Accident"
"311",7,6801,1,0,44,0,0,1,306,1,8,0,"Possession of Cocaine","Possession of Cocaine"
"312",7,10677,2,0,29,0,0,10,169,1,9,1,"Felony Battery (Dom Strang)","Battery"
"313",7,3642,2,0,41,0,0,3,172,1,4,1,"Felony Driving While Lic Suspd","Driving with a Suspended License"
"314",7,5850,1,1,25,0,0,2,408,0,3,1,"Unlaw Lic Use/Disply Of Others","Fraud"
"315",7,4609,1,0,50,0,0,0,134,0,1,0,"DUI Property Damage/Injury","Driving Under the Influence"
"316",7,6980,2,1,28,0,0,13,21,1,9,1,"Aggravated Battery / Pregnant","Assault"
"317",7,9268,1,0,28,0,0,1,163,1,2,1,"False Ownership Info/Pawn Item","Fraud"
"318",7,2854,2,0,31,0,0,19,129,1,9,1,"Driving While License Revoked","Driving with a Revoked License"
"319",7,9979,1,1,34,0,0,1,45,0,1,0,"Battery","Battery"
"320",7,10134,3,0,25,0,0,6,45,0,7,1,"Battery","Battery"
"321",7,700,2,0,26,1,1,10,18,1,9,1,"Aggravated Battery","Battery"
"322",7,3692,2,0,41,0,0,8,129,1,2,1,"Driving While License Revoked","Driving with a Revoked License"
"323",7,2897,1,0,28,0,0,1,306,1,7,1,"Possession of Cocaine","Possession of Cocaine"
"324",7,2353,1,0,47,0,0,0,45,0,1,0,"Battery","Battery"
"325",7,2937,1,0,20,0,0,0,190,1,5,1,"Grand Theft in the 3rd Degree","Grand Theft"
"326",7,5027,2,0,27,0,0,6,175,1,4,1,"Felony Petit Theft","Theft"
"327",7,5886,1,0,53,0,0,0,45,0,1,0,"Battery","Battery"
"328",7,332,2,1,30,0,0,2,190,1,7,0,"Grand Theft in the 3rd Degree","Grand Theft"
"329",7,10528,3,0,41,0,0,1,128,0,1,0,"Driving Under The Influence","Driving Under the Influence"
"330",7,5383,2,1,19,0,0,1,65,1,9,1,"Burglary Unoccupied Dwelling","Burglary"
"331",7,10921,2,0,26,0,0,2,409,0,2,0,"Unlaw LicTag/Sticker Attach","Fraud"
"332",7,3122,1,0,46,0,0,2,283,0,4,0,"Possess Cannabis/20 Grams Or Less","Possession of Cannabis/Marijuana"
"333",7,4403,2,0,40,0,0,6,306,1,7,0,"Possession of Cocaine","Possession of Cocaine"
"334",7,5114,1,0,50,0,0,26,306,1,7,1,"Possession of Cocaine","Possession of Cocaine"
"335",7,1032,3,0,29,0,0,7,129,1,9,1,"Driving While License Revoked","Driving with a Revoked License"
"336",7,3552,1,0,28,0,0,0,45,0,3,0,"Battery","Battery"
"337",7,2072,1,1,66,0,0,1,402,0,1,0,"Tresspass Struct/Conveyance","Trespassing"
"338",7,5057,2,1,49,0,0,1,172,1,1,0,"Felony Driving While Lic Suspd","Driving with a Suspended License"
"339",7,3783,1,0,38,0,0,0,169,1,1,0,"Felony Battery (Dom Strang)","Battery"
"340",7,3574,2,0,24,0,0,2,163,1,3,1,"False Ownership Info/Pawn Item","Fraud"
"341",7,5263,2,0,19,2,1,3,71,1,10,1,"Carrying Concealed Firearm","Carrying a Concealed Weapon"
"342",7,9921,2,0,27,0,0,1,65,0,5,0,"Burglary Unoccupied Dwelling","Burglary"
"343",7,8171,1,0,38,0,0,0,374,0,2,0,"Susp Drivers Lic 1st Offense","Driving with a Suspended License"
"344",7,7605,2,0,49,0,0,1,45,0,1,1,"Battery","Battery"
"345",7,7012,2,0,28,0,0,0,246,1,2,0,"Pos Cannabis W/Intent Sel/Del","Possession of Cannabis/Marijuana"
"346",7,4655,1,0,31,0,0,10,283,0,8,0,"Possess Cannabis/20 Grams Or Less","Possession of Cannabis/Marijuana"
"347",7,7245,2,0,25,0,0,5,45,0,8,1,"Battery","Battery"
"348",7,10540,1,1,31,0,0,1,45,0,1,1,"Battery","Battery"
"349",7,9801,2,0,25,0,0,4,239,0,5,0,"Operating W/O Valid License","Operating a Vehicle without a Valid Drivers License"
"350",7,7468,1,0,42,0,0,2,110,1,7,1,"Deliver Cannabis","Dealing Cannabis/Marijuana"
"351",8,8045,1,0,23,0,0,6,297,1,9,1,"Possession Of Alprazolam","Possession of a Controlled Substance"
"352",8,10836,2,0,25,0,0,3,129,1,6,1,"Driving While License Revoked","Driving with a Revoked License"
"353",8,4436,2,0,23,0,0,4,251,1,10,1,"Poss Cntrft Contr Sub w/Intent","Possession of a Controlled Substance"
"354",8,3483,1,0,39,0,0,0,423,0,1,0,"Viol Injunct Domestic Violence","Domestic Violence"
"355",8,2396,1,1,57,0,0,0,122,0,4,0,"Disorderly Conduct","Disorderly Conduct"
"356",8,6205,2,0,53,0,0,15,172,1,1,1,"Felony Driving While Lic Suspd","Driving with a Suspended License"
"357",8,1904,2,0,32,0,0,1,172,1,4,0,"Felony Driving While Lic Suspd","Driving with a Suspended License"
"358",8,6443,1,0,28,0,0,5,129,1,5,0,"Driving While License Revoked","Driving with a Revoked License"
"359",8,765,2,0,66,0,0,33,90,1,6,1,"Crimin Mischief Damage $1000+","Criminal Damage of more than $1000"
"360",8,2121,2,1,28,0,0,4,280,1,4,0,"Poss3,4 Methylenedioxymethcath","Possession of Ecstasy"
"361",8,189,1,0,52,0,0,3,45,0,9,0,"Battery","Battery"
"362",8,7788,2,0,33,0,0,7,190,1,6,1,"Grand Theft in the 3rd Degree","Grand Theft"
"363",8,5485,2,0,22,0,0,0,92,1,8,1,"Criminal Mischief","Criminal Damage of less than $1000"
"364",8,8526,2,1,26,0,0,0,342,0,9,0,"Robbery / No Weapon","Robbery"
"365",8,1796,2,0,21,0,0,0,58,1,3,1,"Burglary Conveyance Unoccup","Burglary"
"366",8,2078,1,0,43,0,0,4,61,1,5,1,"Burglary Dwelling Occupied","Burglary"
"367",8,10498,1,1,65,0,0,1,15,1,1,0,"Aggravated Assault W/Dead Weap","Assault with a Deadly Weapon"
"368",8,4255,1,0,27,0,0,0,246,1,5,0,"Pos Cannabis W/Intent Sel/Del","Possession of Cannabis/Marijuana"
"369",8,10499,1,1,28,0,0,5,306,1,9,1,"Possession of Cocaine","Possession of Cocaine"
"370",8,7914,1,0,55,0,0,0,133,0,1,0,"DUI Level 0.15 Or Minor In Veh","Driving Under the Influence"
"371",8,265,2,0,28,0,0,6,337,0,6,1,"Resist/Obstruct W/O Violence","Resisting an Officer"
"372",8,7445,3,0,31,0,0,1,21,1,8,1,"Aggravated Battery / Pregnant","Assault"
"373",8,763,3,0,26,0,0,7,15,1,5,1,"Aggravated Assault W/Dead Weap","Assault with a Deadly Weapon"
"374",8,6658,2,0,39,0,0,0,274,1,4,1,"Poss Unlaw Issue Id","Forgery"
"375",8,9832,1,0,25,0,0,1,45,0,4,1,"Battery","Battery"
"376",8,7257,1,0,24,0,0,1,246,1,3,1,"Pos Cannabis W/Intent Sel/Del","Possession of Cannabis/Marijuana"
"377",8,9031,2,0,27,0,0,21,268,1,7,1,"Poss Pyrrolidinovalerophenone","Possession of a Controlled Substance"
"378",8,956,2,0,24,0,0,4,306,1,10,1,"Possession of Cocaine","Possession of Cocaine"
"379",8,4076,2,0,33,0,0,6,246,1,6,0,"Pos Cannabis W/Intent Sel/Del","Possession of Cannabis/Marijuana"
"380",8,8278,2,0,53,0,0,3,18,1,6,1,"Aggravated Battery","Battery"
"381",8,7754,1,0,25,0,0,2,128,0,4,1,"Driving Under The Influence","Driving Under the Influence"
"382",8,7340,1,1,31,0,0,0,186,1,4,1,"Grand Theft (Motor Vehicle)","Grand Theft"
"383",8,5224,2,0,25,0,0,0,277,1,8,1,"Poss/Sell/Del Cocaine 1000FT Sch","Possession of Cocaine"
"384",8,1834,1,0,31,0,0,0,107,1,4,0,"Del of JWH-250 2-Methox 1-Pentyl","Dealing Controlled Substances"
"385",8,829,1,0,22,1,0,6,306,1,10,1,"Possession of Cocaine","Possession of Cocaine"
"386",8,9488,1,0,21,0,0,0,45,0,4,1,"Battery","Battery"
"387",8,9747,2,0,32,0,0,4,65,1,4,1,"Burglary Unoccupied Dwelling","Burglary"
"388",8,5354,2,0,24,0,0,1,328,0,9,1,"Prowling/Loitering","Loitering"
"389",8,122,2,0,30,0,0,8,283,0,10,1,"Possess Cannabis/20 Grams Or Less","Possession of Cannabis/Marijuana"
"390",8,7723,3,0,24,0,0,0,57,1,2,0,"Burglary Conveyance Occupied","Burglary"
"391",8,363,1,0,44,0,0,8,45,0,5,1,"Battery","Battery"
"392",8,4730,1,0,20,0,0,1,192,1,2,1,"Grand Theft of the 2nd Degree","Grand Theft"
"393",8,3056,2,0,25,0,0,0,273,1,3,0,"Poss Unlaw Issue Driver Licenc","Forgery"
"394",8,3146,3,0,37,0,0,0,377,1,3,1,"Tamper With Witness/Victim/CI","Tampering with a Witness"
"395",8,8835,2,0,29,0,0,3,283,0,1,0,"Possess Cannabis/20 Grams Or Less","Possession of Cannabis/Marijuana"
"396",8,3761,2,0,42,0,0,7,169,1,5,1,"Felony Battery (Dom Strang)","Battery"
"397",8,8036,3,0,42,0,0,1,128,0,1,0,"Driving Under The Influence","Driving Under the Influence"
"398",8,10979,2,0,43,0,0,0,45,0,1,0,"Battery","Battery"
"399",8,5553,1,0,22,0,0,0,6,1,3,0,"Agg Battery Grt/Bod/Harm","Battery"
"400",8,3585,1,0,54,0,0,1,45,0,1,1,"Battery","Battery"
"401",9,8306,2,0,43,0,0,15,337,0,9,1,"Resist/Obstruct W/O Violence","Resisting an Officer"
"402",9,5074,2,0,33,0,0,1,45,0,1,1,"Battery","Battery"
"403",9,8791,1,1,29,0,0,0,45,0,6,0,"Battery","Battery"
"404",9,2567,1,0,38,0,0,1,45,0,6,0,"Battery","Battery"
"405",9,10369,3,0,29,0,0,1,6,1,1,0,"Agg Battery Grt/Bod/Harm","Battery"
"406",9,5342,1,0,47,0,0,3,242,0,5,0,"Petit Theft","Theft"
"407",9,5600,2,0,25,0,0,0,45,0,5,1,"Battery","Battery"
"408",9,6916,2,0,23,0,0,1,190,1,6,0,"Grand Theft in the 3rd Degree","Grand Theft"
"409",9,5420,2,0,22,0,0,2,297,1,4,1,"Possession Of Alprazolam","Possession of a Controlled Substance"
"410",9,8292,2,0,28,0,8,12,306,1,10,1,"Possession of Cocaine","Possession of Cocaine"
"411",9,1689,1,0,54,0,0,3,239,0,1,1,"Operating W/O Valid License","Operating a Vehicle without a Valid Drivers License"
"412",9,8118,2,0,34,0,0,4,283,0,6,0,"Possess Cannabis/20 Grams Or Less","Possession of Cannabis/Marijuana"
"413",9,7323,2,0,41,0,0,19,104,1,5,1,"Del Cannabis At/Near Park","Dealing Cannabis/Marijuana"
"414",9,10652,2,0,33,0,0,3,336,0,6,1,"Resist Officer w/Violence","Resisting an Officer with Violence"
"415",9,10925,1,0,26,0,0,3,374,0,2,1,"Susp Drivers Lic 1st Offense","Driving with a Suspended License"
"416",9,8259,2,0,58,0,0,0,169,1,1,0,"Felony Battery (Dom Strang)","Battery"
"417",9,1212,2,1,24,0,0,1,45,0,5,1,"Battery","Battery"
"418",9,5670,1,0,18,5,0,4,58,1,8,1,"Burglary Conveyance Unoccup","Burglary"
"419",9,8705,2,1,22,0,0,4,306,1,9,1,"Possession of Cocaine","Possession of Cocaine"
"420",9,9367,2,1,25,0,0,7,170,1,9,1,"Felony Battery w/Prior Convict","Battery"
"421",9,8847,2,1,39,0,0,3,418,1,5,1,"Uttering a Forged Instrument","Forgery"
"422",9,10985,2,0,30,0,1,19,306,1,10,1,"Possession of Cocaine","Possession of Cocaine"
"423",9,1559,1,0,24,1,2,3,45,0,4,0,"Battery","Battery"
"424",9,9055,3,1,21,0,0,0,45,0,4,1,"Battery","Battery"
"425",9,7178,2,0,43,0,0,7,85,1,6,1,"Corrupt Public Servant","Threatening a Public Servant"
"426",9,8891,1,0,56,0,0,17,85,1,4,1,"Corrupt Public Servant","Threatening a Public Servant"
"427",9,5821,1,0,31,0,0,3,45,0,5,0,"Battery","Battery"
"428",9,3298,1,0,31,0,0,6,45,0,5,0,"Battery","Battery"
"429",9,5745,2,0,29,0,0,2,190,1,3,0,"Grand Theft in the 3rd Degree","Grand Theft"
"430",9,9811,2,1,25,0,0,5,6,1,9,1,"Agg Battery Grt/Bod/Harm","Battery"
"431",9,5370,2,0,23,0,0,1,45,0,2,0,"Battery","Battery"
"432",9,10167,2,0,24,0,0,2,313,1,6,1,"Possession of Hydromorphone","Possession of a Controlled Substance"
"433",9,919,3,0,36,0,0,1,243,0,10,1,"Petit Theft $100- $300","Theft"
"434",9,9534,2,0,49,0,0,29,172,1,6,1,"Felony Driving While Lic Suspd","Driving with a Suspended License"
"435",9,9746,3,0,23,0,0,0,283,0,7,0,"Possess Cannabis/20 Grams Or Less","Possession of Cannabis/Marijuana"
"436",9,6595,2,0,40,0,0,0,18,1,1,0,"Aggravated Battery","Battery"
"437",9,6862,2,0,31,0,0,5,97,1,4,0,"Cruelty Toward Child","Child Abuse"
"438",9,807,1,0,23,0,0,0,45,0,9,0,"Battery","Battery"
"439",9,4441,1,1,54,0,0,1,337,0,2,0,"Resist/Obstruct W/O Violence","Resisting an Officer"
"440",9,9040,2,0,34,0,0,3,21,1,1,0,"Aggravated Battery / Pregnant","Assault"
"441",9,5096,2,1,38,0,0,0,426,0,4,0,"Viol Prot Injunc Repeat Viol","Restraining Order Violation"
"442",9,730,4,0,35,0,0,0,64,1,6,0,"Burglary Structure Unoccup","Burglary"
"443",9,9852,2,0,21,0,2,2,190,1,10,1,"Grand Theft in the 3rd Degree","Grand Theft"
"444",9,8253,2,0,29,0,0,0,45,0,3,0,"Battery","Battery"
"445",9,9163,2,0,31,1,1,12,337,0,8,1,"Resist/Obstruct W/O Violence","Resisting an Officer"
"446",9,2780,1,0,58,0,0,0,45,0,1,0,"Battery","Battery"
"447",9,4510,1,0,54,0,0,2,45,0,1,0,"Battery","Battery"
"448",9,2405,2,1,24,0,0,0,167,1,3,0,"Felony Batt(Great Bodily Harm)","Battery"
"449",9,1446,1,0,35,0,0,2,74,1,1,0,"Child Abuse","Child Abuse"
"450",9,1314,2,0,31,0,3,25,337,0,8,1,"Resist/Obstruct W/O Violence","Resisting an Officer"
"451",10,6360,1,0,39,0,0,0,306,1,3,0,"Possession of Cocaine","Possession of Cocaine"
"452",10,1841,1,1,37,0,0,1,128,0,3,0,"Driving Under The Influence","Driving Under the Influence"
"453",10,657,2,1,24,0,0,3,190,1,10,1,"Grand Theft in the 3rd Degree","Grand Theft"
"454",10,6449,2,0,51,0,0,11,243,0,5,1,"Petit Theft $100- $300","Theft"
"455",10,3055,2,0,61,0,0,5,306,1,2,0,"Possession of Cocaine","Possession of Cocaine"
"456",10,9831,3,0,29,0,0,0,122,0,2,1,"Disorderly Conduct","Disorderly Conduct"
"457",10,5372,2,1,29,0,0,0,190,1,2,0,"Grand Theft in the 3rd Degree","Grand Theft"
"458",10,8863,3,0,31,0,0,5,89,1,6,1,"Crim Use of Personal ID Info","Forgery"
"459",10,2687,1,0,54,0,0,0,45,0,1,0,"Battery","Battery"
"460",10,8563,3,0,27,0,0,1,239,0,2,0,"Operating W/O Valid License","Operating a Vehicle without a Valid Drivers License"
"461",10,4748,2,1,30,0,0,0,45,0,3,0,"Battery","Battery"
"462",10,4524,1,0,20,0,0,0,190,1,4,0,"Grand Theft in the 3rd Degree","Grand Theft"
"463",10,5968,1,0,57,0,0,9,306,1,4,1,"Possession of Cocaine","Possession of Cocaine"
"464",10,4520,2,1,30,0,0,3,172,1,6,1,"Felony Driving While Lic Suspd","Driving with a Suspended License"
"465",10,5673,2,0,32,0,0,10,172,1,6,1,"Felony Driving While Lic Suspd","Driving with a Suspended License"
"466",10,3084,2,1,50,0,0,7,45,0,4,0,"Battery","Battery"
"467",10,1522,2,0,23,0,0,2,45,0,7,0,"Battery","Battery"
"468",10,9495,3,0,21,0,1,2,61,1,7,1,"Burglary Dwelling Occupied","Burglary"
"469",10,5249,2,0,28,0,0,0,236,1,4,0,"Offn Against Intellectual Prop","Offense Against Intellectual Property"
"470",10,2400,2,0,30,0,2,11,372,1,8,0,"Strong Armed  Robbery","Armed Robbery"
"471",10,5369,2,0,45,0,0,0,199,0,1,0,"Interfere W/Traf Cont Dev RR","Interference with Traffic Control Railroad Divide"
"472",10,10807,1,0,25,0,0,3,127,0,9,1,"Driving License Suspended","Driving with a Suspended License"
"473",10,4870,1,0,24,0,0,1,93,0,2,0,"Criminal Mischief Damage <$200","Criminal Damage of less than $1000"
"474",10,2165,2,0,53,0,0,0,45,0,1,1,"Battery","Battery"
"475",10,3641,1,0,26,0,0,0,45,0,6,0,"Battery","Battery"
"476",10,8471,2,0,23,0,0,2,58,1,4,1,"Burglary Conveyance Unoccup","Burglary"
"477",10,4182,1,0,32,0,0,0,317,1,5,0,"Possession Of Methamphetamine","Possession of Meth"
"478",10,5623,1,0,32,0,0,0,242,0,6,1,"Petit Theft","Theft"
"479",10,7148,3,0,45,0,0,8,15,1,7,0,"Aggravated Assault W/Dead Weap","Assault with a Deadly Weapon"
"480",10,4754,2,0,47,0,0,1,306,1,1,0,"Possession of Cocaine","Possession of Cocaine"
"481",10,6690,2,0,25,0,1,7,336,1,10,1,"Resist Officer w/Violence","Resisting an Officer with Violence"
"482",10,5069,2,0,24,1,0,2,326,0,10,1,"Prostitution/Lewd Act Assignation","Prostitution"
"483",10,22,2,0,25,0,0,3,190,1,10,0,"Grand Theft in the 3rd Degree","Grand Theft"
"484",10,5563,1,0,33,0,0,0,306,1,6,1,"Possession of Cocaine","Possession of Cocaine"
"485",10,10949,2,0,19,1,0,1,190,1,9,1,"Grand Theft in the 3rd Degree","Grand Theft"
"486",10,208,1,0,44,0,0,2,45,0,2,1,"Battery","Battery"
"487",10,1300,1,1,21,0,0,0,283,0,5,0,"Possess Cannabis/20 Grams Or Less","Possession of Cannabis/Marijuana"
"488",10,7847,1,0,30,0,0,0,130,0,1,0,"DUI - Enhanced","Driving Under the Influence"
"489",10,4593,4,0,38,0,0,0,45,0,1,0,"Battery","Battery"
"490",10,2841,1,0,24,0,1,3,133,0,5,0,"DUI Level 0.15 Or Minor In Veh","Driving Under the Influence"
"491",10,7099,2,0,34,0,0,2,303,1,2,0,"Possession of Cannabis","Possession of Cannabis/Marijuana"
"492",10,3110,1,0,21,0,0,0,45,0,4,1,"Battery","Battery"
"493",10,3952,1,0,37,0,0,0,134,0,4,0,"DUI Property Damage/Injury","Driving Under the Influence"
"494",10,9229,2,0,22,0,0,0,45,0,8,0,"Battery","Battery"
"495",10,3255,2,0,51,0,0,4,374,0,2,0,"Susp Drivers Lic 1st Offense","Driving with a Suspended License"
"496",10,1718,2,0,25,0,1,11,190,1,9,1,"Grand Theft in the 3rd Degree","Grand Theft"
"497",10,480,2,0,20,0,0,0,190,1,9,1,"Grand Theft in the 3rd Degree","Grand Theft"
"498",10,8438,1,1,34,0,0,12,306,1,10,1,"Possession of Cocaine","Possession of Cocaine"
"499",10,10136,2,0,34,0,0,2,71,1,3,1,"Carrying Concealed Firearm","Carrying a Concealed Weapon"
"500",10,5387,2,0,34,0,0,0,45,0,1,1,"Battery","Battery"
"501",11,8534,1,1,44,0,0,10,171,1,5,1,"Felony Committing Prostitution","Prostitution"
"502",11,8403,2,0,19,0,0,0,336,1,4,1,"Resist Officer w/Violence","Resisting an Officer with Violence"
"503",11,6668,2,0,29,0,0,0,122,0,2,1,"Disorderly Conduct","Disorderly Conduct"
"504",11,9172,2,0,21,0,0,0,306,1,7,0,"Possession of Cocaine","Possession of Cocaine"
"505",11,3950,1,0,38,0,0,3,306,1,9,1,"Possession of Cocaine","Possession of Cocaine"
"506",11,1191,1,0,22,0,0,0,58,1,4,1,"Burglary Conveyance Unoccup","Burglary"
"507",11,8939,2,1,26,0,0,1,45,0,4,0,"Battery","Battery"
"508",11,2907,2,0,22,0,0,3,167,1,6,1,"Felony Batt(Great Bodily Harm)","Battery"
"509",11,2152,2,1,42,0,0,2,66,1,2,0,"Burglary With Assault/battery","Burglary"
"510",11,266,3,0,54,0,0,2,65,1,1,0,"Burglary Unoccupied Dwelling","Burglary"
"511",11,7508,3,0,44,0,0,0,45,0,1,0,"Battery","Battery"
"512",11,5506,1,0,24,0,0,3,21,1,5,1,"Aggravated Battery / Pregnant","Assault"
"513",11,2638,1,0,23,0,0,0,45,0,4,0,"Battery","Battery"
"514",11,3412,1,0,25,0,0,0,45,0,2,0,"Battery","Battery"
"515",11,5689,1,0,22,0,0,1,186,1,4,0,"Grand Theft (Motor Vehicle)","Grand Theft"
"516",11,8565,2,0,30,0,0,13,168,1,10,1,"Felony Battery","Battery"
"517",11,10703,2,0,43,0,1,23,114,1,7,0,"Deliver Cocaine 1000FT Park","Dealing Cocaine"
"518",11,7247,2,1,24,0,0,2,57,1,5,1,"Burglary Conveyance Occupied","Burglary"
"519",11,6339,2,0,49,0,0,11,426,0,5,1,"Viol Prot Injunc Repeat Viol","Restraining Order Violation"
"520",11,469,2,0,20,0,0,0,186,1,10,1,"Grand Theft (Motor Vehicle)","Grand Theft"
"521",11,8258,2,0,26,0,0,6,55,1,7,1,"Burglary Conveyance Armed","Burglary"
"522",11,10169,1,0,33,0,0,0,283,0,7,1,"Possess Cannabis/20 Grams Or Less","Possession of Cannabis/Marijuana"
"523",11,2898,1,1,31,0,0,0,45,0,3,0,"Battery","Battery"
"524",11,8777,1,0,21,0,0,1,56,1,4,0,"Burglary Conveyance Assault/Bat","Burglary"
"525",11,9484,1,1,41,0,0,1,45,0,2,0,"Battery","Battery"
"526",11,648,2,0,57,0,0,1,175,1,5,1,"Felony Petit Theft","Theft"
"527",11,1611,2,0,47,0,0,4,306,1,3,0,"Possession of Cocaine","Possession of Cocaine"
"528",11,4835,2,0,37,0,0,1,175,1,10,0,"Felony Petit Theft","Theft"
"529",11,3293,1,1,27,0,0,0,303,1,3,0,"Possession of Cannabis","Possession of Cannabis/Marijuana"
"530",11,10317,2,0,62,0,0,0,133,0,1,0,"DUI Level 0.15 Or Minor In Veh","Driving Under the Influence"
"531",11,1157,5,0,27,0,0,3,133,0,7,0,"DUI Level 0.15 Or Minor In Veh","Driving Under the Influence"
"532",11,4165,2,0,22,0,0,0,35,1,7,0,"Att Burgl Unoccupied Dwel","Burglary"
"533",11,279,3,0,57,0,0,1,129,1,1,0,"Driving While License Revoked","Driving with a Revoked License"
"534",11,9971,1,1,55,0,0,0,47,1,1,0,"Battery on a Person Over 65","Battery"
"535",11,9380,1,0,38,0,0,5,129,1,4,0,"Driving While License Revoked","Driving with a Revoked License"
"536",11,10931,3,0,28,0,0,1,344,1,3,0,"Robbery Sudd Snatch No Weapon","Robbery"
"537",11,4694,1,0,44,0,0,2,45,0,4,0,"Battery","Battery"
"538",11,10492,3,1,25,0,1,14,65,1,6,0,"Burglary Unoccupied Dwelling","Burglary"
"539",11,6687,1,0,39,0,0,10,190,1,8,1,"Grand Theft in the 3rd Degree","Grand Theft"
"540",11,10267,2,1,31,0,0,4,10,1,8,0,"Aggrav Battery w/Deadly Weapon","Battery with a Deadly Weapon"
"541",11,8642,1,0,61,0,0,4,418,1,6,0,"Uttering a Forged Instrument","Forgery"
"542",11,3347,2,1,36,0,0,7,92,1,3,1,"Criminal Mischief","Criminal Damage of less than $1000"
"543",11,4139,2,0,35,0,1,14,45,0,8,1,"Battery","Battery"
"544",11,3562,2,0,52,0,0,0,367,1,1,0,"Solicitation On Felony 3 Deg","Soliciting For Prostitution"
"545",11,10560,1,0,41,0,0,1,10,1,1,1,"Aggrav Battery w/Deadly Weapon","Battery with a Deadly Weapon"
"546",11,9685,2,0,22,0,0,0,45,0,7,1,"Battery","Battery"
"547",11,8014,2,0,52,0,0,7,190,0,3,1,"Grand Theft in the 3rd Degree","Grand Theft"
"548",11,6164,2,1,37,0,0,1,66,1,1,0,"Burglary With Assault/battery","Burglary"
"549",11,10580,1,1,22,0,0,1,425,0,8,0,"Viol Pretrial Release Dom Viol","Domestic Violence"
"550",11,5939,1,0,45,0,0,2,306,1,1,0,"Possession of Cocaine","Possession of Cocaine"
"551",12,9563,1,0,22,0,0,1,367,1,6,0,"Solicitation On Felony 3 Deg","Soliciting For Prostitution"
"552",12,603,2,0,29,1,0,2,21,1,5,0,"Aggravated Battery / Pregnant","Assault"
"553",12,1467,2,0,29,0,0,10,110,1,7,1,"Deliver Cannabis","Dealing Cannabis/Marijuana"
"554",12,2959,2,0,26,0,0,2,45,0,7,0,"Battery","Battery"
"555",12,2543,2,0,37,2,3,24,66,1,8,0,"Burglary With Assault/battery","Burglary"
"556",12,9303,2,0,30,0,0,0,127,0,9,0,"Driving License Suspended","Driving with a Suspended License"
"557",12,8107,1,1,49,0,0,1,208,0,1,0,"Leaving Acc/Unattended Veh","Fleeing the Scene of an Accident"
"558",12,2917,1,0,26,0,0,3,243,0,4,0,"Petit Theft $100- $300","Theft"
"559",12,4940,2,0,34,0,0,9,246,1,10,1,"Pos Cannabis W/Intent Sel/Del","Possession of Cannabis/Marijuana"
"560",12,2140,1,1,59,0,0,1,189,1,1,0,"Grand Theft in the 1st Degree","Grand Theft"
"561",12,1615,1,1,38,0,0,0,74,1,1,0,"Child Abuse","Child Abuse"
"562",12,8308,2,0,27,1,0,6,203,1,7,1,"Issuing a Worthless Draft","Fraud"
"563",12,9953,2,0,23,0,0,1,190,1,3,1,"Grand Theft in the 3rd Degree","Grand Theft"
"564",12,6769,1,1,40,0,0,0,306,1,2,0,"Possession of Cocaine","Possession of Cocaine"
"565",12,5635,1,1,52,0,0,3,128,0,1,0,"Driving Under The Influence","Driving Under the Influence"
"566",12,7427,2,0,27,0,0,8,93,0,8,0,"Criminal Mischief Damage <$200","Criminal Damage of less than $1000"
"567",12,887,2,0,30,0,0,5,129,1,6,1,"Driving While License Revoked","Driving with a Revoked License"
"568",12,7987,1,0,29,4,1,10,58,1,9,1,"Burglary Conveyance Unoccup","Burglary"
"569",12,3182,2,0,25,0,0,2,246,1,5,0,"Pos Cannabis W/Intent Sel/Del","Possession of Cannabis/Marijuana"
"570",12,163,1,0,43,0,0,1,306,1,1,0,"Possession of Cocaine","Possession of Cocaine"
"571",12,3022,2,0,35,0,0,4,45,0,5,0,"Battery","Battery"
"572",12,8885,2,0,22,0,1,1,49,1,8,1,"Battery on Law Enforc Officer","Battery"
"573",12,2456,1,0,43,0,0,9,312,1,6,0,"Possession of Hydrocodone","Possession of a Controlled Substance"
"574",12,4371,1,0,57,0,0,0,328,0,1,0,"Prowling/Loitering","Loitering"
"575",12,8929,3,0,30,0,0,1,129,1,2,1,"Driving While License Revoked","Driving with a Revoked License"
"576",12,4701,1,0,38,0,0,17,175,1,10,0,"Felony Petit Theft","Theft"
"577",12,3508,2,1,20,0,0,0,190,1,5,0,"Grand Theft in the 3rd Degree","Grand Theft"
"578",12,4643,2,0,32,0,1,12,45,0,10,1,"Battery","Battery"
"579",12,1943,2,0,24,0,0,0,292,1,3,1,"Possession Burglary Tools","Burglary"
"580",12,5454,1,1,25,0,0,0,313,1,4,1,"Possession of Hydromorphone","Possession of a Controlled Substance"
"581",12,1629,2,0,27,0,0,2,6,1,5,0,"Agg Battery Grt/Bod/Harm","Battery"
"582",12,9785,1,0,47,0,0,0,45,0,2,0,"Battery","Battery"
"583",12,215,2,0,31,0,0,1,215,0,2,0,"Lewdness Violation","Child Molestation"
"584",12,7640,1,0,37,0,0,1,306,1,7,1,"Possession of Cocaine","Possession of Cocaine"
"585",12,4186,1,0,59,0,0,0,297,1,1,0,"Possession Of Alprazolam","Possession of a Controlled Substance"
"586",12,9597,1,0,22,0,0,0,45,0,4,0,"Battery","Battery"
"587",12,9523,2,0,30,0,0,2,306,1,5,1,"Possession of Cocaine","Possession of Cocaine"
"588",12,4881,2,0,31,0,0,0,112,1,6,0,"Deliver Cocaine","Dealing Cocaine"
"589",12,6000,2,1,23,0,0,0,292,1,5,1,"Possession Burglary Tools","Burglary"
"590",12,7234,3,0,37,0,0,1,190,1,5,0,"Grand Theft in the 3rd Degree","Grand Theft"
"591",12,7675,1,0,20,0,0,0,209,1,7,1,"Leaving the Scene of Accident","Fleeing the Scene of an Accident"
"592",12,9246,1,1,55,0,0,0,45,0,1,0,"Battery","Battery"
"593",12,6574,2,1,31,0,0,2,15,1,2,1,"Aggravated Assault W/Dead Weap","Assault with a Deadly Weapon"
"594",12,10656,2,0,20,0,0,0,65,1,4,0,"Burglary Unoccupied Dwelling","Burglary"
"595",12,10935,3,0,31,1,0,7,374,0,9,1,"Susp Drivers Lic 1st Offense","Driving with a Suspended License"
"596",12,2765,2,1,26,0,0,0,45,0,2,0,"Battery","Battery"
"597",12,5678,2,0,38,0,1,16,260,1,9,1,"Poss of Cocaine W/I/D/S 1000FT Park","Possession of Cocaine"
"598",12,7112,2,0,55,0,0,10,45,0,7,1,"Battery","Battery"
"599",12,1578,1,0,39,0,0,1,224,1,1,0,"Money Launder 100K or More Dols","Money Laundering"
"600",12,510,3,0,51,0,0,1,31,0,1,0,"Assault","Assault"
"601",13,8285,2,0,28,0,0,8,45,0,6,1,"Battery","Battery"
"602",13,5535,1,0,21,0,0,1,58,1,6,1,"Burglary Conveyance Unoccup","Burglary"
"603",13,210,2,0,32,0,0,3,306,1,7,1,"Possession of Cocaine","Possession of Cocaine"
"604",13,10243,3,1,29,0,0,0,122,0,3,0,"Disorderly Conduct","Disorderly Conduct"
"605",13,5128,3,0,39,0,0,1,45,0,2,0,"Battery","Battery"
"606",13,1244,1,0,47,0,0,2,377,1,4,0,"Tamper With Witness/Victim/CI","Tampering with a Witness"
"607",13,7962,2,1,41,0,0,0,18,1,1,0,"Aggravated Battery","Battery"
"608",13,5921,1,0,52,0,0,4,426,0,3,1,"Viol Prot Injunc Repeat Viol","Restraining Order Violation"
"609",13,2484,1,0,50,0,0,0,128,0,1,0,"Driving Under The Influence","Driving Under the Influence"
"610",13,7488,2,0,21,0,0,0,18,1,8,1,"Aggravated Battery","Battery"
"611",13,2446,1,0,23,0,0,0,15,1,3,1,"Aggravated Assault W/Dead Weap","Assault with a Deadly Weapon"
"612",13,6661,1,0,24,0,0,0,303,1,2,0,"Possession of Cannabis","Possession of Cannabis/Marijuana"
"613",13,8000,2,1,26,0,0,1,10,1,3,1,"Aggrav Battery w/Deadly Weapon","Battery with a Deadly Weapon"
"614",13,6570,1,0,47,0,0,2,306,1,4,0,"Possession of Cocaine","Possession of Cocaine"
"615",13,7581,2,0,27,0,0,0,74,0,1,1,"Child Abuse","Child Abuse"
"616",13,10449,2,1,51,0,0,3,379,0,2,0,"Tampering With Physical Evidence","Tampering With Physical Evidence"
"617",13,2654,2,0,27,0,0,3,207,0,7,0,"Leave Accd/Attend Veh/Less $50","Fleeing the Scene of an Accident"
"618",13,9392,1,0,53,0,0,1,45,0,5,0,"Battery","Battery"
"619",13,1874,1,1,28,0,0,1,45,0,4,0,"Battery","Battery"
"620",13,4612,1,0,31,0,0,4,175,1,7,1,"Felony Petit Theft","Theft"
"621",13,8761,1,0,32,0,0,4,45,0,2,1,"Battery","Battery"
"622",13,2865,2,0,22,0,0,2,89,1,4,1,"Crim Use of Personal ID Info","Forgery"
"623",13,366,1,0,22,0,0,1,430,0,8,1,"Voyeurism","Voyeurism"
"624",13,3113,3,0,34,0,0,2,416,1,3,1,"Use of Anti-Shoplifting Device","Shoplifting"
"625",13,7381,2,1,43,0,0,0,190,1,6,0,"Grand Theft in the 3rd Degree","Grand Theft"
"626",13,1144,2,1,29,0,0,3,306,1,5,0,"Possession of Cocaine","Possession of Cocaine"
"627",13,7821,1,0,30,0,0,1,310,1,8,0,"Possession Of Fentanyl","Possession of a Controlled Substance"
"628",13,4933,2,0,37,0,0,14,129,1,8,0,"Driving While License Revoked","Driving with a Revoked License"
"629",13,5727,2,0,40,0,0,21,168,1,5,0,"Felony Battery","Battery"
"630",13,4476,2,0,60,0,0,19,306,1,8,1,"Possession of Cocaine","Possession of Cocaine"
"631",13,10975,2,0,25,0,0,1,167,1,2,0,"Felony Batt(Great Bodily Harm)","Battery"
"632",13,5138,1,0,21,0,0,0,303,1,7,1,"Possession of Cannabis","Possession of Cannabis/Marijuana"
"633",13,9745,2,0,23,0,0,2,392,0,7,1,"Trespass On School Grounds","Trespassing"
"634",13,4834,2,1,27,0,0,3,342,1,5,0,"Robbery / No Weapon","Robbery"
"635",13,2681,2,0,43,0,0,1,344,1,3,0,"Robbery Sudd Snatch No Weapon","Robbery"
"636",13,10686,1,0,36,0,0,0,404,1,1,0,"Unauth Poss ID Card or DL","Fraud"
"637",13,6631,2,0,43,0,0,0,418,1,5,1,"Uttering a Forged Instrument","Forgery"
"638",13,8794,1,1,30,0,0,1,129,1,2,0,"Driving While License Revoked","Driving with a Revoked License"
"639",13,8355,2,0,28,0,0,2,246,1,4,0,"Pos Cannabis W/Intent Sel/Del","Possession of Cannabis/Marijuana"
"640",13,3488,1,0,36,0,0,2,280,1,1,0,"Poss3,4 Methylenedioxymethcath","Possession of Ecstasy"
"641",13,10643,2,0,22,0,0,0,337,0,10,0,"Resist/Obstruct W/O Violence","Resisting an Officer"
"642",13,1682,1,0,40,0,0,3,172,1,1,0,"Felony Driving While Lic Suspd","Driving with a Suspended License"
"643",13,1530,3,0,69,0,0,0,45,0,1,0,"Battery","Battery"
"644",13,6022,1,0,58,0,0,5,190,1,3,1,"Grand Theft in the 3rd Degree","Grand Theft"
"645",13,3480,2,0,53,0,0,1,134,0,2,0,"DUI Property Damage/Injury","Driving Under the Influence"
"646",13,3636,2,1,54,0,0,7,183,1,6,0,"Fraudulent Use of Credit Card","Fraud"
"647",13,8264,2,0,30,0,0,1,49,1,3,1,"Battery on Law Enforc Officer","Battery"
"648",13,2519,2,0,32,1,3,24,129,1,7,1,"Driving While License Revoked","Driving with a Revoked License"
"649",13,9041,1,0,36,0,0,0,128,0,1,0,"Driving Under The Influence","Driving Under the Influence"
"650",13,9475,2,0,31,0,0,1,129,1,1,0,"Driving While License Revoked","Driving with a Revoked License"
"651",14,4335,2,0,37,0,0,0,306,1,9,0,"Possession of Cocaine","Possession of Cocaine"
"652",14,3925,2,0,22,0,0,0,58,1,3,1,"Burglary Conveyance Unoccup","Burglary"
"653",14,7607,2,1,23,0,0,1,10,1,3,0,"Aggrav Battery w/Deadly Weapon","Battery with a Deadly Weapon"
"654",14,2766,2,0,28,0,0,8,190,1,8,1,"Grand Theft in the 3rd Degree","Grand Theft"
"655",14,8379,4,0,76,0,0,0,16,1,1,0,"Aggravated Assault w/Firearm","Assault with a Deadly Weapon"
"656",14,2220,2,0,52,0,0,15,128,0,4,1,"Driving Under The Influence","Driving Under the Influence"
"657",14,3337,2,0,32,0,0,14,172,1,8,1,"Felony Driving While Lic Suspd","Driving with a Suspended License"
"658",14,7355,1,1,35,0,0,2,128,0,3,0,"Driving Under The Influence","Driving Under the Influence"
"659",14,1250,2,0,35,0,0,13,306,1,8,1,"Possession of Cocaine","Possession of Cocaine"
"660",14,5634,1,0,39,0,0,0,179,1,1,0,"Fleeing Or Attmp Eluding A Leo","Fleeing a Law Enforcement Officer"
"661",14,98,2,0,27,0,1,6,21,1,6,1,"Aggravated Battery / Pregnant","Assault"
"662",14,6320,2,0,39,0,0,21,129,1,10,1,"Driving While License Revoked","Driving with a Revoked License"
"663",14,1604,2,0,36,0,0,4,45,0,5,1,"Battery","Battery"
"664",14,8681,2,0,33,0,0,12,379,1,9,1,"Tampering With Physical Evidence","Tampering With Physical Evidence"
"665",14,1325,2,1,52,0,0,0,16,1,1,0,"Aggravated Assault w/Firearm","Assault with a Deadly Weapon"
"666",14,8140,2,0,31,3,0,16,129,1,10,1,"Driving While License Revoked","Driving with a Revoked License"
"667",14,2537,2,1,27,0,0,0,45,0,2,0,"Battery","Battery"
"668",14,8239,2,0,28,0,0,7,190,1,10,0,"Grand Theft in the 3rd Degree","Grand Theft"
"669",14,3818,2,0,23,0,0,1,206,0,4,0,"Leave Acc/Attend Veh/More $50","Fleeing the Scene of an Accident"
"670",14,9129,2,0,26,0,0,2,18,1,6,0,"Aggravated Battery","Battery"
"671",14,622,1,1,39,0,0,0,123,0,6,0,"Disorderly Intoxication","Disorderly Intoxication"
"672",14,3387,2,0,52,0,0,1,423,0,1,1,"Viol Injunct Domestic Violence","Domestic Violence"
"673",14,4336,2,0,23,0,0,1,303,1,4,0,"Possession of Cannabis","Possession of Cannabis/Marijuana"
"674",14,6525,1,0,51,0,0,1,297,1,1,1,"Possession Of Alprazolam","Possession of a Controlled Substance"
"675",14,10359,2,0,25,0,0,2,401,0,6,0,"Tresspass in Structure or Conveyance","Trespassing"
"676",14,1128,1,1,22,0,0,0,208,0,5,0,"Leaving Acc/Unattended Veh","Fleeing the Scene of an Accident"
"677",14,1430,3,0,47,0,0,0,45,0,4,0,"Battery","Battery"
"678",14,9894,1,1,34,0,0,10,306,1,9,1,"Possession of Cocaine","Possession of Cocaine"
"679",14,5432,1,0,56,0,0,9,45,0,1,1,"Battery","Battery"
"680",14,7526,1,0,23,0,0,0,337,0,3,1,"Resist/Obstruct W/O Violence","Resisting an Officer"
"681",14,6996,2,1,21,0,0,0,45,0,5,1,"Battery","Battery"
"682",14,9867,2,0,41,0,0,6,252,1,3,0,"Poss Cocaine/Intent To Del/Sel","Possession of Cocaine"
"683",14,3841,1,0,56,0,0,1,179,1,2,0,"Fleeing Or Attmp Eluding A Leo","Fleeing a Law Enforcement Officer"
"684",14,8060,1,0,62,0,0,0,303,1,1,0,"Possession of Cannabis","Possession of Cannabis/Marijuana"
"685",14,3631,1,1,36,0,0,0,45,0,1,0,"Battery","Battery"
"686",14,277,2,0,47,0,0,23,283,0,8,1,"Possess Cannabis/20 Grams Or Less","Possession of Cannabis/Marijuana"
"687",14,4776,2,0,38,0,0,3,169,1,2,1,"Felony Battery (Dom Strang)","Battery"
"688",14,8354,1,0,29,1,0,9,379,1,8,1,"Tampering With Physical Evidence","Tampering With Physical Evidence"
"689",14,754,2,0,29,0,0,4,163,1,4,1,"False Ownership Info/Pawn Item","Fraud"
"690",14,3722,2,0,23,0,0,1,45,0,7,1,"Battery","Battery"
"691",14,8962,1,0,32,0,0,0,45,0,3,0,"Battery","Battery"
"692",14,7123,2,0,27,0,0,0,45,0,2,1,"Battery","Battery"
"693",14,8129,2,0,27,0,0,5,306,1,9,1,"Possession of Cocaine","Possession of Cocaine"
"694",14,10622,2,1,44,0,0,6,306,1,6,0,"Possession of Cocaine","Possession of Cocaine"
"695",14,844,2,0,58,0,0,6,175,1,6,0,"Felony Petit Theft","Theft"
"696",14,2511,3,0,37,0,0,2,144,0,3,0,"Exposes Culpable Negligence","Child Abuse"
"697",14,4761,3,0,30,0,0,2,374,0,2,1,"Susp Drivers Lic 1st Offense","Driving with a Suspended License"
"698",14,2320,2,1,22,0,0,0,190,1,4,1,"Grand Theft in the 3rd Degree","Grand Theft"
"699",14,5544,2,1,24,0,0,2,181,1,4,0,"Forging Bank Bills/Promis Note","Fraud"
"700",14,9730,1,0,30,0,0,0,134,0,2,0,"DUI Property Damage/Injury","Driving Under the Influence"
"701",15,963,1,0,25,0,0,1,16,1,5,0,"Aggravated Assault w/Firearm","Assault with a Deadly Weapon"
"702",15,7459,2,0,26,0,0,10,129,1,8,1,"Driving While License Revoked","Driving with a Revoked License"
"703",15,10660,3,0,23,0,0,0,45,0,2,1,"Battery","Battery"
"704",15,9556,3,0,30,0,0,1,15,1,2,0,"Aggravated Assault W/Dead Weap","Assault with a Deadly Weapon"
"705",15,7868,2,1,37,0,0,0,190,1,3,0,"Grand Theft in the 3rd Degree","Grand Theft"
"706",15,5042,2,0,45,0,0,13,424,0,7,1,"Viol Injunction Protect Dom Vi","Domestic Violence"
"707",15,8866,3,1,34,0,0,1,45,0,3,0,"Battery","Battery"
"708",15,5935,2,0,24,0,0,3,58,1,4,1,"Burglary Conveyance Unoccup","Burglary"
"709",15,7916,2,0,25,0,0,0,89,1,7,0,"Crim Use of Personal ID Info","Forgery"
"710",15,6864,2,0,26,0,0,6,374,0,10,1,"Susp Drivers Lic 1st Offense","Driving with a Suspended License"
"711",15,2438,4,0,67,0,0,0,45,0,1,0,"Battery","Battery"
"712",15,70,2,0,29,0,0,0,379,1,4,0,"Tampering With Physical Evidence","Tampering With Physical Evidence"
"713",15,7206,3,0,37,0,0,6,172,1,2,1,"Felony Driving While Lic Suspd","Driving with a Suspended License"
"714",15,728,3,0,34,0,0,4,61,1,1,1,"Burglary Dwelling Occupied","Burglary"
"715",15,2632,1,0,56,0,0,4,306,1,1,0,"Possession of Cocaine","Possession of Cocaine"
"716",15,6249,1,0,38,0,0,2,85,1,3,1,"Corrupt Public Servant","Threatening a Public Servant"
"717",15,9509,2,0,27,0,0,9,253,1,7,1,"Poss Contr Subst W/o Prescript","Possession of a Controlled Substance"
"718",15,10509,2,0,25,0,1,3,246,1,7,0,"Pos Cannabis W/Intent Sel/Del","Possession of Cannabis/Marijuana"
"719",15,5052,1,0,44,0,0,0,186,1,4,0,"Grand Theft (Motor Vehicle)","Grand Theft"
"720",15,7320,1,0,22,0,2,3,303,1,8,1,"Possession of Cannabis","Possession of Cannabis/Marijuana"
"721",15,4159,1,0,41,0,0,1,58,1,2,1,"Burglary Conveyance Unoccup","Burglary"
"722",15,2583,1,1,35,0,0,4,170,1,3,0,"Felony Battery w/Prior Convict","Battery"
"723",15,2402,2,0,46,0,0,15,129,1,7,1,"Driving While License Revoked","Driving with a Revoked License"
"724",15,10271,3,0,33,0,0,2,127,0,3,0,"Driving License Suspended","Driving with a Suspended License"
"725",15,3999,2,0,41,0,0,1,188,1,1,0,"Grand Theft Firearm","Grand Theft"
"726",15,1241,1,0,34,0,0,1,101,0,3,1,"Defrauding Innkeeper","Fraud"
"727",15,3774,1,0,61,0,0,0,45,0,1,0,"Battery","Battery"
"728",15,1452,1,1,21,0,1,0,128,0,5,1,"Driving Under The Influence","Driving Under the Influence"
"729",15,4397,2,0,37,0,0,2,129,1,4,1,"Driving While License Revoked","Driving with a Revoked License"
"730",15,8728,1,1,24,0,0,0,45,0,6,0,"Battery","Battery"
"731",15,3805,1,0,28,0,0,0,190,1,2,1,"Grand Theft in the 3rd Degree","Grand Theft"
"732",15,2278,1,0,63,0,0,0,45,0,1,1,"Battery","Battery"
"733",15,7894,2,0,20,0,0,0,35,1,8,0,"Att Burgl Unoccupied Dwel","Burglary"
"734",15,10484,1,0,29,0,0,2,180,0,1,0,"Fleeing or Eluding a LEO","Fleeing a Law Enforcement Officer"
"735",15,8223,1,1,31,0,0,14,297,1,10,0,"Possession Of Alprazolam","Possession of a Controlled Substance"
"736",15,7341,2,0,25,0,0,0,45,0,5,1,"Battery","Battery"
"737",15,7166,2,1,33,0,0,1,152,1,5,0,"Fail To Redeliv Hire/Leas Prop","Failure to Redeliver Hired or Leased Property"
"738",15,4931,1,0,50,0,0,0,169,1,1,1,"Felony Battery (Dom Strang)","Battery"
"739",15,9136,2,0,26,0,0,5,60,1,4,0,"Burglary Dwelling Assault/Batt","Burglary"
"740",15,9436,2,0,27,0,0,11,129,1,7,1,"Driving While License Revoked","Driving with a Revoked License"
"741",15,5951,3,1,33,0,0,0,6,1,2,0,"Agg Battery Grt/Bod/Harm","Battery"
"742",15,10894,2,0,33,0,0,3,71,1,4,0,"Carrying Concealed Firearm","Carrying a Concealed Weapon"
"743",15,990,1,1,45,0,0,1,172,1,6,0,"Felony Driving While Lic Suspd","Driving with a Suspended License"
"744",15,10871,1,1,43,0,0,0,128,0,1,0,"Driving Under The Influence","Driving Under the Influence"
"745",15,1196,1,0,31,0,0,0,45,0,1,0,"Battery","Battery"
"746",15,5326,1,0,34,0,0,3,45,0,4,1,"Battery","Battery"
"747",15,934,2,0,25,0,0,4,188,1,5,1,"Grand Theft Firearm","Grand Theft"
"748",15,4288,1,0,51,0,0,2,6,1,1,0,"Agg Battery Grt/Bod/Harm","Battery"
"749",15,863,1,0,40,0,0,5,229,1,4,0,"Neglect Child / No Bodily Harm","Child Neglect"
"750",15,7807,1,0,34,0,0,13,190,1,8,1,"Grand Theft in the 3rd Degree","Grand Theft"
"751",16,2874,2,0,33,0,0,2,45,0,2,1,"Battery","Battery"
"752",16,9632,1,0,46,0,0,1,319,1,1,0,"Possession of Oxycodone","Possession of Oxycodone"
"753",16,9106,1,1,32,0,0,2,354,1,2,1,"Sell/Man/Del Pos/w/int Heroin","Possession of Heroin"
"754",16,7037,2,0,26,0,1,6,268,1,10,1,"Poss Pyrrolidinovalerophenone","Possession of a Controlled Substance"
"755",16,6875,1,0,22,0,0,0,108,1,8,0,"Deliver 3,4 Methylenediox","Dealing Controlled Substances"
"756",16,654,1,0,33,0,0,0,21,1,1,0,"Aggravated Battery / Pregnant","Assault"
"757",16,2291,1,0,72,0,0,1,128,0,1,0,"Driving Under The Influence","Driving Under the Influence"
"758",16,9072,2,0,37,0,0,4,94,0,7,1,"Criminal Mischief>$200<$1000","Criminal Damage of less than $1000"
"759",16,67,2,0,35,1,0,13,418,1,8,1,"Uttering a Forged Instrument","Forgery"
"760",16,7051,2,0,56,0,0,1,129,1,1,0,"Driving While License Revoked","Driving with a Revoked License"
"761",16,4534,2,1,32,0,0,0,45,0,2,0,"Battery","Battery"
"762",16,10659,2,0,30,0,1,18,58,1,10,1,"Burglary Conveyance Unoccup","Burglary"
"763",16,7948,2,0,27,0,0,0,89,1,6,0,"Crim Use of Personal ID Info","Forgery"
"764",16,3674,2,1,32,0,0,0,172,1,2,0,"Felony Driving While Lic Suspd","Driving with a Suspended License"
"765",16,533,2,1,23,0,0,0,129,1,5,1,"Driving While License Revoked","Driving with a Revoked License"
"766",16,4112,2,0,21,0,0,1,65,1,3,0,"Burglary Unoccupied Dwelling","Burglary"
"767",16,9914,1,0,23,0,1,4,45,0,4,1,"Battery","Battery"
"768",16,692,2,0,29,0,0,3,309,1,5,1,"Possession of Ethylone","Possession of a Controlled Substance"
"769",16,6278,2,1,30,0,0,0,193,1,2,0,"Grand Theft on 65 Yr or Older","Grand Theft"
"770",16,1787,2,0,24,0,0,0,58,1,5,0,"Burglary Conveyance Unoccup","Burglary"
"771",16,8724,2,0,42,1,0,7,306,1,9,1,"Possession of Cocaine","Possession of Cocaine"
"772",16,9942,3,0,46,0,0,0,190,1,1,0,"Grand Theft in the 3rd Degree","Grand Theft"
"773",16,6791,2,0,57,0,0,3,15,1,1,0,"Aggravated Assault W/Dead Weap","Assault with a Deadly Weapon"
"774",16,6432,1,1,42,0,0,3,163,1,5,0,"False Ownership Info/Pawn Item","Fraud"
"775",16,4641,1,1,35,0,0,1,45,0,4,0,"Battery","Battery"
"776",16,646,3,0,48,0,0,1,239,0,1,1,"Operating W/O Valid License","Operating a Vehicle without a Valid Drivers License"
"777",16,4518,2,0,24,0,0,5,172,1,3,1,"Felony Driving While Lic Suspd","Driving with a Suspended License"
"778",16,5655,1,1,25,0,0,0,45,0,3,0,"Battery","Battery"
"779",16,2054,1,0,25,0,0,0,190,1,2,0,"Grand Theft in the 3rd Degree","Grand Theft"
"780",16,8560,1,0,47,0,0,2,133,0,1,0,"DUI Level 0.15 Or Minor In Veh","Driving Under the Influence"
"781",16,9506,2,0,24,0,0,0,45,0,9,1,"Battery","Battery"
"782",16,6043,1,0,50,0,0,3,169,1,3,0,"Felony Battery (Dom Strang)","Battery"
"783",16,8867,1,0,24,0,0,6,58,1,10,0,"Burglary Conveyance Unoccup","Burglary"
"784",16,7738,1,0,32,0,0,2,246,1,2,0,"Pos Cannabis W/Intent Sel/Del","Possession of Cannabis/Marijuana"
"785",16,7903,2,1,52,0,0,0,45,0,1,0,"Battery","Battery"
"786",16,5650,2,0,28,0,0,5,306,1,4,0,"Possession of Cocaine","Possession of Cocaine"
"787",16,2382,2,0,58,0,0,24,175,1,6,1,"Felony Petit Theft","Theft"
"788",16,1729,2,0,39,0,0,1,283,0,2,1,"Possess Cannabis/20 Grams Or Less","Possession of Cannabis/Marijuana"
"789",16,6264,2,1,29,0,0,0,6,1,10,0,"Agg Battery Grt/Bod/Harm","Battery"
"790",16,2262,2,0,23,0,0,0,45,0,3,1,"Battery","Battery"
"791",16,6503,3,0,37,0,0,1,246,1,2,1,"Pos Cannabis W/Intent Sel/Del","Possession of Cannabis/Marijuana"
"792",16,2914,2,0,29,0,0,1,159,1,9,0,"False Imprisonment","False Imprisonment"
"793",16,4408,2,0,42,0,0,3,306,1,1,0,"Possession of Cocaine","Possession of Cocaine"
"794",16,4873,2,1,27,0,0,4,126,1,6,1,"Drivg While Lic Suspd/Revk/Can","Driving with a Suspended License"
"795",16,6481,2,1,23,0,0,0,45,0,4,0,"Battery","Battery"
"796",16,5793,2,1,36,0,0,1,306,1,3,1,"Possession of Cocaine","Possession of Cocaine"
"797",16,640,2,0,20,0,0,0,186,1,7,1,"Grand Theft (Motor Vehicle)","Grand Theft"
"798",16,3438,1,0,26,0,0,0,45,0,6,1,"Battery","Battery"
"799",16,10626,1,0,46,0,0,0,14,1,1,0,"Aggravated Assault","Assault"
"800",16,8479,2,0,47,0,0,4,172,1,4,1,"Felony Driving While Lic Suspd","Driving with a Suspended License"
"801",17,6818,1,1,51,0,0,0,206,0,4,1,"Leave Acc/Attend Veh/More $50","Fleeing the Scene of an Accident"
"802",17,156,1,0,24,0,1,8,163,1,6,1,"False Ownership Info/Pawn Item","Fraud"
"803",17,6056,1,0,31,0,0,17,319,1,8,1,"Possession of Oxycodone","Possession of Oxycodone"
"804",17,2514,2,0,35,0,1,23,268,1,9,1,"Poss Pyrrolidinovalerophenone","Possession of a Controlled Substance"
"805",17,10920,1,0,34,0,0,4,246,1,5,0,"Pos Cannabis W/Intent Sel/Del","Possession of Cannabis/Marijuana"
"806",17,3229,1,0,26,0,0,2,99,1,5,0,"D.U.I. Serious Bodily Injury","Driving Under the Influence"
"807",17,4596,2,0,52,0,0,0,45,0,1,1,"Battery","Battery"
"808",17,2767,1,0,67,0,0,2,334,0,1,1,"Refuse Submit Blood/Breath Test","Refusing to Submit Blood or Breath Test for DUI"
"809",17,10536,2,0,26,0,0,8,280,1,9,1,"Poss3,4 Methylenedioxymethcath","Possession of Ecstasy"
"810",17,8747,1,0,25,0,0,5,129,1,9,1,"Driving While License Revoked","Driving with a Revoked License"
"811",17,7615,2,0,34,0,0,0,129,1,1,0,"Driving While License Revoked","Driving with a Revoked License"
"812",17,2153,2,0,22,0,0,3,418,1,8,1,"Uttering a Forged Instrument","Forgery"
"813",17,6911,3,0,20,0,0,0,337,0,4,1,"Resist/Obstruct W/O Violence","Resisting an Officer"
"814",17,8416,2,1,24,0,0,0,112,1,3,0,"Deliver Cocaine","Dealing Cocaine"
"815",17,10997,2,0,23,0,0,0,209,1,3,0,"Leaving the Scene of Accident","Fleeing the Scene of an Accident"
"816",17,222,1,1,43,0,0,0,133,0,1,0,"DUI Level 0.15 Or Minor In Veh","Driving Under the Influence"
"817",17,2820,1,0,66,0,0,0,45,0,1,0,"Battery","Battery"
"818",17,10010,2,0,21,0,0,0,168,1,9,1,"Felony Battery","Battery"
"819",17,2211,2,0,24,0,0,5,172,1,7,1,"Felony Driving While Lic Suspd","Driving with a Suspended License"
"820",17,2448,2,0,21,0,0,0,190,1,8,1,"Grand Theft in the 3rd Degree","Grand Theft"
"821",17,7455,2,0,22,0,0,0,100,1,7,0,"Dealing in Stolen Property","Dealing Controlled Substances"
"822",17,5515,2,0,45,0,0,1,45,0,1,0,"Battery","Battery"
"823",17,5818,2,0,23,0,0,0,169,1,5,0,"Felony Battery (Dom Strang)","Battery"
"824",17,3676,2,0,50,0,0,1,306,1,5,0,"Possession of Cocaine","Possession of Cocaine"
"825",17,2410,3,1,33,0,0,2,426,0,4,0,"Viol Prot Injunc Repeat Viol","Restraining Order Violation"
"826",17,8970,1,0,69,0,0,0,128,0,1,1,"Driving Under The Influence","Driving Under the Influence"
"827",17,10851,2,1,29,0,0,2,336,1,3,1,"Resist Officer w/Violence","Resisting an Officer with Violence"
"828",17,6606,2,0,43,0,0,0,246,1,5,0,"Pos Cannabis W/Intent Sel/Del","Possession of Cannabis/Marijuana"
"829",17,5349,1,0,20,0,0,0,190,1,10,1,"Grand Theft in the 3rd Degree","Grand Theft"
"830",17,2930,2,0,29,0,0,10,31,0,10,1,"Assault","Assault"
"831",17,4421,2,1,53,0,0,10,15,1,2,1,"Aggravated Assault W/Dead Weap","Assault with a Deadly Weapon"
"832",17,1562,3,0,26,0,0,0,404,1,3,0,"Unauth Poss ID Card or DL","Fraud"
"833",17,5123,2,0,31,0,0,3,60,1,3,1,"Burglary Dwelling Assault/Batt","Burglary"
"834",17,8191,2,0,21,0,0,0,49,1,4,0,"Battery on Law Enforc Officer","Battery"
"835",17,9662,1,0,56,0,0,3,45,0,3,0,"Battery","Battery"
"836",17,1004,3,0,23,0,0,2,283,0,6,1,"Possess Cannabis/20 Grams Or Less","Possession of Cannabis/Marijuana"
"837",17,8703,1,1,61,0,0,0,306,1,1,0,"Possession of Cocaine","Possession of Cocaine"
"838",17,1526,2,0,36,0,0,5,306,1,4,0,"Possession of Cocaine","Possession of Cocaine"
"839",17,3941,1,0,37,0,0,0,45,0,3,0,"Battery","Battery"
"840",17,10577,1,0,59,0,0,0,423,0,2,1,"Viol Injunct Domestic Violence","Domestic Violence"
"841",17,1795,3,1,22,0,0,0,190,1,6,0,"Grand Theft in the 3rd Degree","Grand Theft"
"842",17,9170,1,0,52,0,0,1,56,1,1,0,"Burglary Conveyance Assault/Bat","Burglary"
"843",17,4634,1,0,27,0,0,0,133,0,4,1,"DUI Level 0.15 Or Minor In Veh","Driving Under the Influence"
"844",17,446,2,1,21,0,0,0,45,0,6,0,"Battery","Battery"
"845",17,2618,2,0,34,0,0,27,175,1,9,1,"Felony Petit Theft","Theft"
"846",17,6939,1,0,62,0,0,2,364,1,1,0,"Solicit Deliver Cocaine","Purchasing Cocaine"
"847",17,2772,2,0,23,0,0,2,92,0,8,1,"Criminal Mischief","Criminal Damage of less than $1000"
"848",17,3444,1,0,44,0,0,0,306,1,2,1,"Possession of Cocaine","Possession of Cocaine"
"849",17,1153,1,1,20,0,0,1,65,1,8,1,"Burglary Unoccupied Dwelling","Burglary"
"850",17,1329,1,0,22,0,1,1,190,1,8,1,"Grand Theft in the 3rd Degree","Grand Theft"
"851",18,2053,2,0,23,0,0,0,45,0,7,0,"Battery","Battery"
"852",18,2723,2,0,25,0,0,4,89,1,6,1,"Crim Use of Personal ID Info","Forgery"
"853",18,6766,2,0,29,0,1,8,268,1,8,1,"Poss Pyrrolidinovalerophenone","Possession of a Controlled Substance"
"854",18,9235,1,0,56,0,0,1,176,1,1,0,"Felony/Driving Under Influence","Driving Under the Influence"
"855",18,9219,2,0,28,0,0,7,337,0,7,0,"Resist/Obstruct W/O Violence","Resisting an Officer"
"856",18,8358,2,1,21,0,0,0,418,1,6,0,"Uttering a Forged Instrument","Forgery"
"857",18,8501,2,0,33,0,0,14,129,1,10,1,"Driving While License Revoked","Driving with a Revoked License"
"858",18,4971,2,0,19,0,1,2,190,1,7,1,"Grand Theft in the 3rd Degree","Grand Theft"
"859",18,4164,1,1,40,0,0,4,306,1,4,0,"Possession of Cocaine","Possession of Cocaine"
"860",18,4368,3,0,22,0,0,1,190,1,4,1,"Grand Theft in the 3rd Degree","Grand Theft"
"861",18,7269,1,1,57,0,0,0,128,0,1,0,"Driving Under The Influence","Driving Under the Influence"
"862",18,4719,1,0,29,0,0,0,45,0,1,0,"Battery","Battery"
"863",18,10645,2,0,31,0,0,0,129,1,7,0,"Driving While License Revoked","Driving with a Revoked License"
"864",18,3847,2,0,22,1,0,2,418,1,7,1,"Uttering a Forged Instrument","Forgery"
"865",18,7411,2,0,30,0,0,5,15,0,9,0,"Aggravated Assault W/Dead Weap","Assault with a Deadly Weapon"
"866",18,400,2,1,23,0,0,0,71,1,4,1,"Carrying Concealed Firearm","Carrying a Concealed Weapon"
"867",18,8205,1,0,41,0,0,0,253,1,2,1,"Poss Contr Subst W/o Prescript","Possession of a Controlled Substance"
"868",18,10841,2,0,27,0,0,0,45,0,1,1,"Battery","Battery"
"869",18,2216,2,0,44,0,0,2,172,1,2,0,"Felony Driving While Lic Suspd","Driving with a Suspended License"
"870",18,8832,2,0,24,0,0,2,190,1,5,1,"Grand Theft in the 3rd Degree","Grand Theft"
"871",18,2794,1,0,27,0,1,4,45,0,4,1,"Battery","Battery"
"872",18,9277,2,1,27,0,0,0,45,0,3,0,"Battery","Battery"
"873",18,10946,2,0,27,0,0,1,134,0,5,0,"DUI Property Damage/Injury","Driving Under the Influence"
"874",18,2613,1,0,46,0,0,0,371,1,1,0,"Stalking (Aggravated)","Stalking"
"875",18,364,2,0,25,0,0,0,190,1,3,0,"Grand Theft in the 3rd Degree","Grand Theft"
"876",18,9216,1,0,66,0,0,0,45,0,1,0,"Battery","Battery"
"877",18,7930,1,0,22,0,0,5,45,0,5,1,"Battery","Battery"
"878",18,9283,1,0,40,0,0,5,313,1,1,1,"Possession of Hydromorphone","Possession of a Controlled Substance"
"879",18,1397,2,0,63,0,0,3,399,0,9,0,"Trespass Structure/Conveyance","Trespassing"
"880",18,2149,2,0,33,0,0,0,303,1,1,1,"Possession of Cannabis","Possession of Cannabis/Marijuana"
"881",18,2515,2,0,28,2,1,11,179,1,10,0,"Fleeing Or Attmp Eluding A Leo","Fleeing a Law Enforcement Officer"
"882",18,2843,1,0,39,0,0,0,45,0,1,0,"Battery","Battery"
"883",18,10899,1,0,25,0,0,7,397,0,5,1,"Trespass Struct/Conveyance","Trespassing"
"884",18,5801,1,0,51,0,0,6,306,1,3,1,"Possession of Cocaine","Possession of Cocaine"
"885",18,154,1,1,39,0,0,0,15,1,1,1,"Aggravated Assault W/Dead Weap","Assault with a Deadly Weapon"
"886",18,8518,2,0,21,0,0,1,306,1,10,1,"Possession of Cocaine","Possession of Cocaine"
"887",18,6963,1,1,49,0,0,2,306,1,2,0,"Possession of Cocaine","Possession of Cocaine"
"888",18,2206,2,0,30,0,0,2,127,0,7,0,"Driving License Suspended","Driving with a Suspended License"
"889",18,8641,1,0,77,0,0,1,134,0,1,0,"DUI Property Damage/Injury","Driving Under the Influence"
"890",18,6537,1,0,26,0,0,4,377,1,4,1,"Tamper With Witness/Victim/CI","Tampering with a Witness"
"891",18,2943,1,0,42,0,0,0,16,1,1,0,"Aggravated Assault w/Firearm","Assault with a Deadly Weapon"
"892",18,319,1,0,56,0,0,7,172,1,1,1,"Felony Driving While Lic Suspd","Driving with a Suspended License"
"893",18,8041,3,0,27,0,0,6,129,1,4,1,"Driving While License Revoked","Driving with a Revoked License"
"894",18,4820,2,0,62,0,0,13,339,1,8,1,"Retail Theft $300 1st Offense","Theft"
"895",18,5646,2,0,23,0,0,6,306,1,6,1,"Possession of Cocaine","Possession of Cocaine"
"896",18,8111,2,0,27,0,0,4,268,1,8,1,"Poss Pyrrolidinovalerophenone","Possession of a Controlled Substance"
"897",18,9868,2,0,32,0,0,1,45,0,10,0,"Battery","Battery"
"898",18,1553,3,0,51,0,0,0,218,1,1,1,"Live on Earnings of Prostitute","Prostitution"
"899",18,947,1,1,23,0,0,3,253,1,10,0,"Poss Contr Subst W/o Prescript","Possession of a Controlled Substance"
"900",18,9636,2,0,30,0,2,13,186,1,10,1,"Grand Theft (Motor Vehicle)","Grand Theft"
"901",19,1343,3,0,24,0,0,3,58,1,6,1,"Burglary Conveyance Unoccup","Burglary"
"902",19,5669,2,0,32,0,0,17,306,1,8,1,"Possession of Cocaine","Possession of Cocaine"
"903",19,1146,2,0,26,0,0,4,16,1,7,1,"Aggravated Assault w/Firearm","Assault with a Deadly Weapon"
"904",19,9221,1,0,22,0,0,3,306,1,7,1,"Possession of Cocaine","Possession of Cocaine"
"905",19,2329,2,0,25,0,4,14,186,1,10,1,"Grand Theft (Motor Vehicle)","Grand Theft"
"906",19,10277,2,0,30,0,1,14,129,1,7,0,"Driving While License Revoked","Driving with a Revoked License"
"907",19,6805,2,0,22,0,0,0,59,1,3,1,"Burglary Dwelling Armed","Burglary"
"908",19,1576,2,0,42,1,0,13,328,0,8,1,"Prowling/Loitering","Loitering"
"909",19,10412,1,0,49,0,0,0,190,1,1,0,"Grand Theft in the 3rd Degree","Grand Theft"
"910",19,7298,2,1,42,0,0,1,298,1,2,0,"Possession Of Amphetamine","Possession of a Controlled Substance"
"911",19,10383,2,0,27,0,0,10,129,1,9,1,"Driving While License Revoked","Driving with a Revoked License"
"912",19,10336,2,0,29,1,0,3,45,0,8,1,"Battery","Battery"
"913",19,101,3,0,45,0,0,6,306,1,1,1,"Possession of Cocaine","Possession of Cocaine"
"914",19,2076,2,0,30,0,0,7,246,1,10,1,"Pos Cannabis W/Intent Sel/Del","Possession of Cannabis/Marijuana"
"915",19,5754,2,0,34,0,0,13,297,1,4,1,"Possession Of Alprazolam","Possession of a Controlled Substance"
"916",19,6267,1,1,51,0,0,0,45,0,1,1,"Battery","Battery"
"917",19,6094,1,0,30,0,0,7,100,1,10,1,"Dealing in Stolen Property","Dealing Controlled Substances"
"918",19,10673,2,1,29,0,1,7,15,1,7,1,"Aggravated Assault W/Dead Weap","Assault with a Deadly Weapon"
"919",19,320,2,0,38,0,0,15,306,1,9,0,"Possession of Cocaine","Possession of Cocaine"
"920",19,2809,2,0,23,0,0,0,246,1,3,0,"Pos Cannabis W/Intent Sel/Del","Possession of Cannabis/Marijuana"
"921",19,4692,1,0,47,0,0,0,45,0,1,0,"Battery","Battery"
"922",19,3751,2,0,41,2,0,18,410,0,10,1,"Unlaw Use False Name/Identity","Fraud"
"923",19,3788,1,0,39,0,0,0,306,1,4,0,"Possession of Cocaine","Possession of Cocaine"
"924",19,10302,2,0,61,0,0,14,261,0,2,0,"Poss Of Controlled Substance","Possession of a Controlled Substance"
"925",19,837,1,0,46,0,0,2,297,1,6,1,"Possession Of Alprazolam","Possession of a Controlled Substance"
"926",19,7231,2,0,37,0,0,3,45,0,7,0,"Battery","Battery"
"927",19,2589,3,1,34,0,0,5,218,1,4,0,"Live on Earnings of Prostitute","Prostitution"
"928",19,5825,2,0,24,0,0,11,190,1,9,1,"Grand Theft in the 3rd Degree","Grand Theft"
"929",19,6744,2,0,25,0,1,3,45,0,10,1,"Battery","Battery"
"930",19,7084,1,1,24,0,0,0,312,1,5,0,"Possession of Hydrocodone","Possession of a Controlled Substance"
"931",19,2100,1,0,44,0,0,0,374,0,1,0,"Susp Drivers Lic 1st Offense","Driving with a Suspended License"
"932",19,3019,1,0,50,0,0,0,45,0,2,1,"Battery","Battery"
"933",19,10334,2,0,20,0,0,0,382,1,6,1,"Threat Public Servant","Threat Against Public Servant"
"934",19,3656,2,0,22,0,0,0,328,0,9,0,"Prowling/Loitering","Loitering"
"935",19,10699,2,0,57,0,0,28,306,1,10,1,"Possession of Cocaine","Possession of Cocaine"
"936",19,4833,1,0,25,0,0,2,190,1,5,0,"Grand Theft in the 3rd Degree","Grand Theft"
"937",19,7631,1,0,22,0,0,0,306,1,5,1,"Possession of Cocaine","Possession of Cocaine"
"938",19,6420,2,0,24,0,1,9,239,0,9,1,"Operating W/O Valid License","Operating a Vehicle without a Valid Drivers License"
"939",19,5760,1,0,38,0,0,0,132,0,1,0,"DUI Blood Alcohol Above 0.20","Driving Under the Influence"
"940",19,787,3,0,30,0,0,7,45,0,4,0,"Battery","Battery"
"941",19,8530,3,0,45,0,0,0,169,1,1,0,"Felony Battery (Dom Strang)","Battery"
"942",19,1240,2,0,29,0,1,16,306,1,10,0,"Possession of Cocaine","Possession of Cocaine"
"943",19,8149,1,0,27,0,0,3,423,0,3,0,"Viol Injunct Domestic Violence","Domestic Violence"
"944",19,1532,3,0,59,0,0,1,216,0,1,0,"License Suspended Revoked","Driving with a Revoked License"
"945",19,10544,1,0,67,0,0,0,45,0,1,0,"Battery","Battery"
"946",19,5177,3,0,37,0,0,3,45,0,1,1,"Battery","Battery"
"947",19,2504,1,0,22,0,0,0,242,0,2,1,"Petit Theft","Theft"
"948",19,7334,2,0,26,0,1,24,129,1,10,1,"Driving While License Revoked","Driving with a Revoked License"
"949",19,2128,2,0,26,0,0,3,90,1,3,1,"Crimin Mischief Damage $1000+","Criminal Damage of more than $1000"
"950",19,6389,1,1,29,0,0,6,306,1,7,1,"Possession of Cocaine","Possession of Cocaine"
"951",20,9442,2,0,25,0,0,1,246,1,8,1,"Pos Cannabis W/Intent Sel/Del","Possession of Cannabis/Marijuana"
"952",20,4809,1,1,39,0,0,8,268,1,7,1,"Poss Pyrrolidinovalerophenone","Possession of a Controlled Substance"
"953",20,8207,1,0,31,0,0,3,45,0,2,1,"Battery","Battery"
"954",20,1283,2,0,21,0,1,1,33,1,9,1,"Att Burgl Conv Occp","Burglary"
"955",20,3511,1,0,23,0,0,0,280,1,3,0,"Poss3,4 Methylenedioxymethcath","Possession of Ecstasy"
"956",20,4774,1,0,61,0,0,0,128,0,1,0,"Driving Under The Influence","Driving Under the Influence"
"957",20,10012,2,1,24,0,0,2,190,1,6,1,"Grand Theft in the 3rd Degree","Grand Theft"
"958",20,10377,1,0,41,0,0,0,10,1,1,0,"Aggrav Battery w/Deadly Weapon","Battery with a Deadly Weapon"
"959",20,9581,2,1,23,0,0,0,58,1,3,0,"Burglary Conveyance Unoccup","Burglary"
"960",20,9875,2,0,31,0,1,3,190,1,1,1,"Grand Theft in the 3rd Degree","Grand Theft"
"961",20,3919,4,0,46,0,0,3,306,1,5,1,"Possession of Cocaine","Possession of Cocaine"
"962",20,1331,2,0,23,0,3,6,58,1,10,1,"Burglary Conveyance Unoccup","Burglary"
"963",20,7023,1,0,25,0,0,2,246,1,5,0,"Pos Cannabis W/Intent Sel/Del","Possession of Cannabis/Marijuana"
"964",20,6315,2,0,30,0,0,9,129,1,3,1,"Driving While License Revoked","Driving with a Revoked License"
"965",20,5103,3,0,30,0,0,7,5,1,9,0,"Agg Assault W/int Com Fel Dome","Assault"
"966",20,10289,1,0,36,0,0,0,306,1,8,1,"Possession of Cocaine","Possession of Cocaine"
"967",20,1215,3,0,83,0,0,0,45,0,1,0,"Battery","Battery"
"968",20,3285,2,0,46,0,0,5,7,1,5,1,"Agg Fleeing and Eluding","Assault"
"969",20,3273,2,0,21,0,0,1,306,1,9,1,"Possession of Cocaine","Possession of Cocaine"
"970",20,2310,2,0,28,0,0,3,280,1,2,0,"Poss3,4 Methylenedioxymethcath","Possession of Ecstasy"
"971",20,3869,2,0,26,0,0,0,128,0,4,0,"Driving Under The Influence","Driving Under the Influence"
"972",20,3205,1,0,49,0,0,2,134,0,1,0,"DUI Property Damage/Injury","Driving Under the Influence"
"973",20,203,2,1,24,0,0,0,45,0,2,0,"Battery","Battery"
"974",20,9337,1,0,44,0,0,1,61,1,5,0,"Burglary Dwelling Occupied","Burglary"
"975",20,173,2,0,33,0,0,5,253,1,5,1,"Poss Contr Subst W/o Prescript","Possession of a Controlled Substance"
"976",20,5877,2,0,35,0,1,8,129,1,9,0,"Driving While License Revoked","Driving with a Revoked License"
"977",20,3236,2,0,29,0,0,12,306,1,10,1,"Possession of Cocaine","Possession of Cocaine"
"978",20,9165,2,0,26,0,0,0,190,1,9,0,"Grand Theft in the 3rd Degree","Grand Theft"
"979",20,6391,2,0,24,0,0,2,402,0,8,1,"Tresspass Struct/Conveyance","Trespassing"
"980",20,4553,3,0,34,0,0,2,239,0,3,0,"Operating W/O Valid License","Operating a Vehicle without a Valid Drivers License"
"981",20,6788,2,0,61,0,0,12,170,1,3,0,"Felony Battery w/Prior Convict","Battery"
"982",20,5997,1,0,24,0,0,1,15,1,6,0,"Aggravated Assault W/Dead Weap","Assault with a Deadly Weapon"
"983",20,10068,1,0,22,0,0,0,190,1,4,0,"Grand Theft in the 3rd Degree","Grand Theft"
"984",20,8876,2,0,29,0,0,7,61,1,3,0,"Burglary Dwelling Occupied","Burglary"
"985",20,2507,2,0,28,0,0,5,283,0,6,0,"Possess Cannabis/20 Grams Or Less","Possession of Cannabis/Marijuana"
"986",20,9473,2,0,38,0,0,14,190,1,7,0,"Grand Theft in the 3rd Degree","Grand Theft"
"987",20,2934,2,0,25,0,0,1,64,1,3,1,"Burglary Structure Unoccup","Burglary"
"988",20,3679,1,1,47,0,0,0,326,0,3,1,"Prostitution/Lewd Act Assignation","Prostitution"
"989",20,1670,2,0,23,0,0,1,404,1,6,1,"Unauth Poss ID Card or DL","Fraud"
"990",20,5297,2,1,30,0,0,15,45,0,8,1,"Battery","Battery"
"991",20,1216,1,0,28,0,0,2,246,1,6,0,"Pos Cannabis W/Intent Sel/Del","Possession of Cannabis/Marijuana"
"992",20,10394,2,0,30,0,0,0,45,0,1,0,"Battery","Battery"
"993",20,5001,2,0,23,0,0,0,45,0,2,1,"Battery","Battery"
"994",20,7923,1,0,68,0,0,7,15,1,7,1,"Aggravated Assault W/Dead Weap","Assault with a Deadly Weapon"
"995",20,7722,2,1,23,0,0,3,186,1,9,1,"Grand Theft (Motor Vehicle)","Grand Theft"
"996",20,7153,2,0,21,0,0,0,45,0,4,0,"Battery","Battery"
"997",20,10720,2,0,22,0,0,1,45,0,6,1,"Battery","Battery"
"998",20,7975,1,0,23,8,2,11,303,1,10,1,"Possession of Cannabis","Possession of Cannabis/Marijuana"
"999",20,7945,1,0,26,0,0,2,313,1,2,0,"Possession of Hydromorphone","Possession of a Controlled Substance"
"1000",20,4536,1,1,44,0,0,1,190,1,1,0,"Grand Theft in the 3rd Degree","Grand Theft"
